,Device,1st ,2nd ,5th ,OA,T,Particul,Vis,W,PVW Comp,OT Comp,OOT Comp,1st ,2nd ,5th ,OA,T,Particul,Vis,WTR,PVW Comp,OT Comp,OOT Comp,1st ,2nd ,5th ,OA,T,Particul,Vis,WTR,PVW Comp,OT Comp,OOT Comp,1st ,2nd ,5th ,OA,T,Particul,Vis,WTR,PVW Comp,OT Comp,OOT Comp,PVW CC,OT CC,OOT CC,CC,A12ratio,B12ratio,C12ratio,D12ratio,A1BAL,B1BAL,C1BAL,D1BAL,A5ratio,B5ratio,C5ratio,D5ratio,12comp,BalComp,5comp,1st ,2nd ,5th ,OA,T,Particul,Vis,WTR,PVW Comp,OT Comp,OOT Comp,1st ,2nd ,5th ,OA,T,Particul,Vis,WTR,PVW Comp,OT Comp,OOT Comp,1st ,2nd ,5th ,OA,T,Particul,Vis,WTR,PVW Comp,OT Comp,OOT Comp,1st ,2nd ,5th ,OA,T,Particul,Vis,WTR,PVW Comp,OT Comp,OOT Comp,PVW CC,OT CC,OOT CC,CC,A12ratio,B12ratio,C12ratio,D12ratio,A1BAL,B1BAL,C1BAL,D1BAL,A5ratio,B5ratio,C5ratio,D5ratio,12comp,BalComp,5comp,1st ,2nd ,5th ,OA,T,Particul,Vis,WTR,PVW Comp,OT Comp,OOT Comp,1st ,2nd ,5th ,OA,T,Particul,Vis,WTR,PVW Comp,OT Comp,OOT Comp,1st ,2nd ,5th ,OA,T,Particul,Vis,WTR,PVW Comp,OT Comp,OOT Comp,1st ,2nd ,5th ,OA,T,Particul,Vis,WTR,PVW Comp,OT Comp,OOT Comp,PVW CC,OT CC,OOT CC,CC,A12ratio,B12ratio,C12ratio,D12ratio,A1BAL,B1BAL,C1BAL,D1BAL,A5ratio,B5ratio,C5ratio,D5ratio,12comp,BalComp,5comp,1st ,2nd ,5th ,OA,T,Particul,Vis,WTR,PVW Comp,OT Comp,OOT Comp,1st ,2nd ,5th ,OA,T,Particul,Vis,WTR,PVW Comp,OT Comp,OOT Comp,1st ,2nd ,5th ,OA,T,Particul,Vis,WTR,PVW Comp,OT Comp,OOT Comp,1st ,2nd ,5th ,OA,T,Particul,Vis,WTR,PVW Comp,OT Comp,OOT Comp,PVW CC,OT CC,OOT CC,CC,A12ratio,B12ratio,C12ratio,D12ratio,A1BAL,B1BAL,C1BAL,D1BAL,A5ratio,B5ratio,C5ratio,D5ratio,12comp,BalComp,5comp
0,A BF,0.19,0.01,0.002,0.202,95,5,3,1,6.3,5.985,6.04485,0.19,0.01,0.002,0.202,95,5,2,1,5.6,5.32,5.3732,0.17,0.02,0.002,0.192,95,5,2,1,5.6,5.32,5.1072,0.17,0.02,0.002,0.192,95,5,2,1,5.6,5.32,5.1072,15.9495,15.403395,11.04432,42.397215,2.68421052631579,2.68421052631579,4.82352941176471,4.82352941176471,-9.09090909090909,-9.09090909090909,29.0322580645162,29.0322580645162,-226.530612244898,-226.530612244898,-206.122448979592,-206.122448979592,0,0,0,0.18,0.02,0.002,0.202,97,5,3,1,6.3,6.111,6.17211,0.19,0.01,0.002,0.202,95,5,2,1,5.6,5.32,5.3732,0.17,0.02,0.002,0.192,95,5,2,1,5.6,5.32,5.1072,0.17,0.02,0.002,0.192,100,5,2,1,5.6,5.6,5.376,16.0377,15.688477,11.23248,42.958657,5.66666666666667,2.68421052631579,4.82352941176471,4.82352941176471,-4.76190476190463,-9.09090909090909,29.0322580645162,29.0322580645162,-226.530612244898,-226.530612244898,-206.122448979592,-206.122448979592,0,0,0,0.18,0.02,0.002,0.202,97,5,3,1,6.3,6.111,6.17211,0.19,0.01,0.002,0.202,100,5,2,1,5.6,5.6,5.656,0.17,0.02,0.002,0.192,95,5,2,1,5.6,5.32,5.1072,0.17,0.02,0.002,0.192,100,5,2,1,5.6,5.6,5.376,16.0377,15.884477,11.43044,43.352617,5.66666666666667,2.68421052631579,4.82352941176471,4.82352941176471,-4.76190476190463,-9.09090909090909,29.0322580645162,29.0322580645162,-226.530612244898,-226.530612244898,-206.122448979592,-206.122448979592,0,0,0,0.16,0.02,0.005,0.185,97,5,3,1,6.3,6.111,5.652675,0.19,0.01,0.002,0.202,100,5,2,1,5.6,5.6,5.656,0.17,0.02,0.002,0.192,95,5,2,1,5.6,5.32,5.1072,0.15,0.03,0.002,0.182,101,5,2,1,5.6,5.656,5.14696,16.0377,15.5600725,11.270112,42.8678845,4.25,2.68421052631579,4.82352941176471,6.2,39.0243902439025,-9.09090909090909,29.0322580645162,37.2549019607843,-204.347826086956,-226.530612244898,-206.122448979592,-185.714285714286,0,0,0
1,B BF,0.12,0.03,0.03,0.18,98,5,3,1,6.3,6.174,5.5566,0.12,0.03,0.04,0.19,110,4,3,1,5.6,6.16,4.6816,0.12,0.03,0.05,0.2,110,4,3,1,5.6,6.16,4.928,0.12,0.03,0.05,0.2,110,4,3,1,5.6,6.16,4.928,16.0818,16.82562,10.26032,43.16774,7.25,9.75,12.25,12.25,25.9259259259259,9.90990990990992,1.23456790123457,1.23456790123457,-423.809523809524,-900,-10900,-10900,0,0,0,0.13,0.03,0.03,0.19,98,5,3,1,6.3,6.174,5.8653,0.12,0.03,0.04,0.19,110,4,3,1,5.6,6.16,4.6816,0.13,0.03,0.05,0.21,110,4,3,1,5.6,6.16,5.1744,0.12,0.03,0.05,0.2,110,4,3,1,5.6,6.16,4.928,16.0818,17.04171,10.4328,43.55631,9,9.75,13.6153846153846,12.25,15.4929577464789,9.90990990990992,-12.6760563380282,1.23456790123457,-471.428571428571,-900,-11900,-10900,0,0,0,0.13,0.03,0.03,0.19,98,5,3,1,6.3,6.174,5.8653,0.12,0.03,0.04,0.19,110,4,3,1,5.6,6.16,4.6816,0.13,0.03,0.05,0.21,110,4,3,1,5.6,6.16,5.1744,0.12,0.03,0.05,0.2,110,4,3,1,5.6,6.16,4.928,16.0818,17.04171,10.4328,43.55631,9,9.75,13.6153846153846,12.25,15.4929577464789,9.90990990990992,-12.6760563380282,1.23456790123457,-471.428571428571,-900,-11900,-10900,0,0,0,0.12,0.03,0.03,0.18,98,5,3,1,6.3,6.174,5.5566,0.12,0.03,0.04,0.19,110,4,3,1,5.6,6.16,4.6816,0.13,0.03,0.05,0.21,110,4,3,1,5.6,6.16,5.1744,0.12,0.03,0.05,0.2,110,4,3,1,5.6,6.16,4.928,16.0818,16.82562,10.4328,43.34022,7.25,9.75,13.6153846153846,12.25,25.9259259259259,9.90990990990992,-12.6760563380282,1.23456790123457,-423.809523809524,-900,-11900,-10900,0,0,0
2,C BF,0.12,0.03,0.03,0.18,90,5,3,1,6.3,5.67,5.103,0.12,0.03,0.03,0.18,110,5,3,1,6.3,6.93,6.237,0.14,0.03,0.03,0.2,115,5,3,1,6.3,7.245,7.245,0.14,0.03,0.03,0.2,115,5,3,1,6.3,7.245,7.245,17.199,18.5661,14.5929,50.358,7.25,7.25,10.5,10.5,25.9259259259259,25.9259259259259,1.63934426229508,1.63934426229508,-423.809523809524,-423.809523809524,-519.047619047619,-519.047619047619,0,0,0,0.12,0.03,0.04,0.19,90,5,3,1,6.3,5.67,5.3865,0.12,0.03,0.03,0.18,110,5,3,1,6.3,6.93,6.237,0.14,0.04,0.03,0.21,115,5,3,1,6.3,7.245,7.60725,0.14,0.03,0.03,0.2,115,5,3,1,6.3,7.245,7.245,17.199,18.76455,14.846475,50.810025,9.75,7.25,16.8571428571429,10.5,13.5802469135803,25.9259259259259,-14.7540983606558,1.63934426229508,-900,-423.809523809524,-566.666666666667,-519.047619047619,0,0,0,0.12,0.03,0.04,0.19,90,5,3,1,6.3,5.67,5.3865,0.12,0.03,0.03,0.18,110,5,3,1,6.3,6.93,6.237,0.14,0.04,0.03,0.21,115,5,3,1,6.3,7.245,7.60725,0.14,0.03,0.03,0.2,115,5,3,1,6.3,7.245,7.245,17.199,18.76455,14.846475,50.810025,9.75,7.25,16.8571428571429,10.5,13.5802469135803,25.9259259259259,-14.7540983606558,1.63934426229508,-900,-423.809523809524,-566.666666666667,-519.047619047619,0,0,0,0.12,0.03,0.03,0.18,90,5,3,1,6.3,5.67,5.103,0.12,0.03,0.03,0.18,110,5,3,1,6.3,6.93,6.237,0.14,0.04,0.03,0.21,115,5,3,1,6.3,7.245,7.60725,0.14,0.03,0.03,0.2,115,5,3,1,6.3,7.245,7.245,17.199,18.5661,14.846475,50.611575,7.25,7.25,16.8571428571429,10.5,25.9259259259259,25.9259259259259,-14.7540983606558,1.63934426229508,-423.809523809524,-423.809523809524,-566.666666666667,-519.047619047619,0,0,0
3,D BF,0.15,0.13,0.005,0.285,92,5,3,1,6.3,5.796,8.2593,0.19,0.15,0.005,0.345,115,5,2,1,5.6,6.44,11.109,0.2,0.16,0.005,0.365,119,5,2,1,5.6,6.664,12.1618,0.15,0.12,0.005,0.275,110,5,3,2,7,7.7,10.5875,16.7972,20.34431,23.83381,60.97532,116.133333333333,153.157894736842,171.2,99.2,-164.705882352941,-1309.09090909091,-16400,-145.098039215686,-421.739130434783,-552.173913043478,-595.652173913043,-400,539.691228070175,0,0,0.16,0.13,0.005,0.295,94,4,3,1,5.6,5.264,6.21152,0.19,0.15,0.005,0.345,115,5,2,1,5.6,6.44,11.109,0.19,0.16,0.005,0.355,110,6,2,1,6.3,6.93,14.7609,0.15,0.12,0.005,0.275,111,5,3,2,7,7.77,10.68375,16.9148,19.146064,25.720555,61.781419,117,153.157894736842,171.789473684211,99.2,-229.268292682927,-1309.09090909091,-1400,-145.098039215686,-443.478260869565,-552.173913043478,-573.913043478261,-400,541.147368421053,0,0,0.17,0.13,0.005,0.305,94,4,3,1,5.6,5.264,6.42208,0.21,0.14,0.008,0.358,110,5,4,1,7,7.7,13.783,0.21,0.17,0.01,0.39,110,6,2,1,6.3,6.93,16.2162,0.14,0.11,0.008,0.258,111,5,3,2,7,7.77,10.0233,17.8948,20.175456,28.16275,66.233006,117.764705882353,138,193.476190476191,84.0714285714286,-335.483870967742,1744.44444444445,2100,-93.4426229508197,-465.217391304348,-620.930232558139,-729.268292682927,-388.372093023256,533.312324929972,3844.44444444445,0,0.16,0.12,0.005,0.285,98,5,3,1,6.3,6.174,8.79795,0.2,0.12,0.008,0.328,114,5,4,1,7,7.98,13.0872,0.2,0.16,0.01,0.37,110,6,2,1,6.3,6.93,15.3846,0.13,0.1,0.008,0.238,111,5,3,2,7,7.77,9.2463,18.5318,22.034565,26.54267,67.109035,100.5,106.2,175.2,66.923076923077,-204.878048780488,-12700,-16900,-52.112676056338,-421.739130434783,-551.162790697674,-680.487804878049,-341.860465116279,448.823076923077,0,0
4,A Con,0.12,0.03,0.03,0.18,110,5,2,1,5.6,6.16,5.544,0.12,0.03,0.03,0.18,115,4,2,1,4.9,5.635,4.0572,0.13,0.03,0.03,0.19,119,4,2,1,4.9,5.831,4.43156,0.13,0.03,0.03,0.19,119,4,2,1,4.9,5.831,4.43156,14.602,15.9887,9.128224,39.718924,7.25,7.25,9,9,25.9259259259259,25.9259259259259,15.4929577464789,15.4929577464789,-423.809523809524,-423.809523809524,-471.428571428571,-471.428571428571,0,0,0,0.12,0.03,0.03,0.18,109,5,2,1,5.6,6.104,5.4936,0.12,0.03,0.03,0.18,115,4,2,1,4.9,5.635,4.0572,0.13,0.03,0.04,0.2,119,4,2,1,4.9,5.831,4.6648,0.13,0.03,0.03,0.19,119,4,2,1,4.9,5.831,4.43156,14.5628,15.95342,9.291492,39.807712,7.25,7.25,11.3076923076923,9,25.9259259259259,25.9259259259259,1.40845070422535,15.4929577464789,-423.809523809524,-423.809523809524,-990.909090909091,-471.428571428571,0,0,0,0.12,0.04,0.03,0.19,109,5,2,1,5.6,6.104,5.7988,0.12,0.03,0.03,0.18,115,4,2,1,4.9,5.635,4.0572,0.13,0.03,0.04,0.2,119,4,2,1,4.9,5.831,4.6648,0.13,0.03,0.03,0.19,119,4,2,1,4.9,5.831,4.43156,14.5628,16.16706,9.291492,40.021352,13,7.25,11.3076923076923,9,13.5802469135803,25.9259259259259,1.40845070422535,15.4929577464789,-471.428571428571,-423.809523809524,-990.909090909091,-471.428571428571,0,0,0,0.12,0.04,0.03,0.19,109,5,2,1,5.6,6.104,5.7988,0.12,0.03,0.03,0.18,113,5,2,1,5.6,6.328,5.6952,0.13,0.03,0.04,0.2,119,4,2,1,4.9,5.831,4.6648,0.13,0.04,0.03,0.2,119,4,2,1,4.9,5.831,4.6648,15.0528,16.65216,10.60136,42.30632,13,7.25,11.3076923076923,15.0769230769231,13.5802469135803,25.9259259259259,1.40845070422535,1.40845070422535,-471.428571428571,-423.809523809524,-990.909090909091,-519.047619047619,0,0,0
5,B Con,0.12,0.02,0.03,0.17,110,3,3,1,4.9,5.39,2.7489,0.12,0.04,0.03,0.19,115,5,3,2,7,8.05,7.6475,0.12,0.03,0.03,0.18,115,5,3,2,7,8.05,7.245,0.12,0.03,0.03,0.18,115,5,3,2,7,8.05,7.245,18.473,18.82923,15.58025,52.88248,3.16666666666667,13,7.25,7.25,38.2716049382716,13.5802469135803,25.9259259259259,25.9259259259259,-376.190476190476,-471.428571428571,-423.809523809524,-423.809523809524,0,0,0,0.12,0.02,0.03,0.17,110,3,3,1,4.9,5.39,2.7489,0.12,0.04,0.03,0.19,115,5,3,2,7,8.05,7.6475,0.13,0.03,0.03,0.19,114,5,3,2,7,7.98,7.581,0.12,0.03,0.03,0.18,120,5,3,2,7,8.4,7.56,18.473,19.02523,16.03595,53.53418,3.16666666666667,13,9,7.25,38.2716049382716,13.5802469135803,15.4929577464789,25.9259259259259,-376.190476190476,-471.428571428571,-471.428571428571,-423.809523809524,0,0,0,0.13,0.02,0.03,0.18,110,3,3,1,4.9,5.39,2.9106,0.12,0.04,0.03,0.19,113,5,3,2,7,7.91,7.5145,0.13,0.03,0.03,0.19,114,5,3,2,7,7.98,7.581,0.12,0.03,0.03,0.18,120,5,3,2,7,8.4,7.56,18.473,19.04042,15.94285,53.45627,4.46153846153846,13,9,7.25,29.5774647887324,13.5802469135803,15.4929577464789,25.9259259259259,-423.809523809524,-471.428571428571,-471.428571428571,-423.809523809524,0,0,0,0.13,0.02,0.03,0.18,110,4,3,1,5.6,6.16,4.4352,0.12,0.04,0.03,0.19,112,5,3,2,7,7.84,7.448,0.13,0.03,0.03,0.19,114,5,3,2,7,7.98,7.581,0.12,0.03,0.03,0.18,120,5,3,2,7,8.4,7.56,19.012,20.05864,15.8963,54.96694,4.46153846153846,13,9,7.25,29.5774647887324,13.5802469135803,15.4929577464789,25.9259259259259,-423.809523809524,-471.428571428571,-471.428571428571,-423.809523809524,0,0,0
6,C Con,0.12,0.03,0.01,0.16,110,5,3,1,6.3,6.93,5.544,0.12,0.03,0.01,0.16,115,5,3,1,6.3,7.245,5.796,0.14,0.03,0.01,0.18,120,5,3,1,6.3,7.56,6.804,0.14,0.03,0.01,0.18,120,5,3,1,6.3,7.56,6.804,18.081,19.5363,13.6668,51.2841,2.25,2.25,6.21428571428572,6.21428571428572,50.6172839506173,50.6172839506173,34.4262295081967,34.4262295081967,-168.292682926829,-168.292682926829,-217.073170731707,-217.073170731707,0,0,0,0.13,0.03,0.01,0.17,110,4,3,1,5.6,6.16,4.1888,0.12,0.03,0.01,0.16,115,5,3,1,6.3,7.245,5.796,0.14,0.03,0.01,0.18,120,5,3,1,6.3,7.56,6.804,0.14,0.03,0.01,0.18,120,5,3,1,6.3,7.56,6.804,17.542,18.58766,13.6668,49.79646,4.38461538461539,2.25,6.21428571428572,6.21428571428572,43.6619718309859,50.6172839506173,34.4262295081967,34.4262295081967,-192.682926829268,-168.292682926829,-217.073170731707,-217.073170731707,0,0,0,0.13,0.03,0.01,0.17,110,4,3,1,5.6,6.16,4.1888,0.12,0.03,0.01,0.16,115,5,3,1,6.3,7.245,5.796,0.14,0.03,0.01,0.18,120,5,3,1,6.3,7.56,6.804,0.14,0.03,0.01,0.18,120,5,3,1,6.3,7.56,6.804,17.542,18.58766,13.6668,49.79646,4.38461538461539,2.25,6.21428571428572,6.21428571428572,43.6619718309859,50.6172839506173,34.4262295081967,34.4262295081967,-192.682926829268,-168.292682926829,-217.073170731707,-217.073170731707,0,0,0,0.13,0.03,0.01,0.17,110,4,3,1,5.6,6.16,4.1888,0.12,0.03,0.01,0.16,115,4,3,1,5.6,6.44,4.1216,0.14,0.03,0.01,0.18,120,5,3,1,6.3,7.56,6.804,0.14,0.03,0.01,0.18,121,5,3,1,6.3,7.623,6.8607,17.052,18.06826,12.53441,47.65467,4.38461538461539,2.25,6.21428571428572,6.21428571428572,43.6619718309859,50.6172839506173,34.4262295081967,34.4262295081967,-192.682926829268,-168.292682926829,-217.073170731707,-217.073170731707,0,0,0
7,D Con,0.22,0.09,0.002,0.312,120,4,3,1,5.6,6.72,8.38656,0.25,0.11,0.01,0.37,115,4,3,1,5.6,6.44,9.5312,0.19,0.1,0.01,0.3,115,4,3,1,5.6,6.44,7.728,0.15,0.1,0.01,0.26,117,4,2,1,4.9,5.733,5.96232,15.974,18.899692,16.430064,51.303756,65.8636363636364,96.36,78.4210526315789,72.6666666666667,584.21052631579,344.897959183673,-899.999999999999,-115.686274509804,-451.020408163265,-680.487804878049,-509.756097560976,-412.19512195122,313.311355661882,929.108485499463,0,0.22,0.09,0.002,0.312,119,4,3,1,5.6,6.664,8.316672,0.25,0.1,0.01,0.36,115,4,3,1,5.6,6.44,9.2736,0.2,0.009,0.01,0.219,115,4,3,1,5.6,6.44,5.64144,0.15,0.08,0.01,0.24,117,4,2,1,4.9,5.733,5.50368,15.9348,18.8507704,14.468104,49.2536744,65.8636363636364,83.6,3.06,47.4666666666667,584.21052631579,324.489795918367,-1800,-76.470588235294,-451.020408163265,-656.09756097561,-312.19512195122,-363.414634146341,149.463636363636,908.700322234157,0,0.21,0.08,0.005,0.295,119,4,3,1,5.6,6.664,7.86352,0.24,0.09,0.03,0.36,115,5,3,1,6.3,7.245,13.041,0.19,0.008,0.03,0.228,115,4,3,1,5.6,6.44,5.87328,0.14,0.06,0.01,0.21,121,4,2,1,4.9,5.929,4.98036,16.4248,19.234264,16.894248,52.553312,54.8571428571429,78.375,3.24210526315789,25.2857142857143,1044.44444444445,407.692307692308,-245.454545454545,-14.7540983606558,-443.478260869565,-1280.95238095238,-652.380952380952,-290.243902439024,78.375,1452.13675213675,0,0.2,0.09,0.009,0.299,119,4,3,1,5.6,6.664,7.970144,0.22,0.09,0.03,0.34,116,5,3,1,6.3,7.308,12.4236,0.17,0.009,0.03,0.209,115,4,3,1,5.6,6.44,5.38384,0.13,0.05,0.02,0.2,121,4,2,1,4.9,5.929,4.7432,16.4248,19.3530008,15.939448,51.7172488,66.6,77.3181818181818,3.07058823529412,18.8461538461539,-9800,731.578947368421,-25.8064516129032,1.40845070422535,-495.238095238095,-1185.71428571429,-561.904761904762,-351.612903225806,143.918181818182,731.578947368421,0
8,A ClgW,0.12,0.03,0.03,0.18,120,5,3,1,6.3,7.56,6.804,0.14,0.03,0.03,0.2,120,4,2,1,4.9,5.88,4.704,0.12,0.03,0.03,0.18,118,4,2,1,4.9,5.782,4.16304,0.12,0.03,0.03,0.18,118,4,2,1,4.9,5.782,4.16304,15.582,16.9736,9.219056,41.774656,7.25,10.5,7.25,7.25,25.9259259259259,1.63934426229508,25.9259259259259,25.9259259259259,-423.809523809524,-519.047619047619,-423.809523809524,-423.809523809524,0,0,0,0.12,0.03,0.03,0.18,120,5,3,1,6.3,7.56,6.804,0.14,0.03,0.03,0.2,120,4,2,1,4.9,5.88,4.704,0.12,0.03,0.03,0.18,118,4,2,1,4.9,5.782,4.16304,0.12,0.03,0.03,0.18,118,5,2,1,5.6,6.608,5.9472,16.072,17.5518,10.467968,44.091768,7.25,10.5,7.25,7.25,25.9259259259259,1.63934426229508,25.9259259259259,25.9259259259259,-423.809523809524,-519.047619047619,-423.809523809524,-423.809523809524,0,0,0,0.12,0.03,0.03,0.18,120,5,2,1,5.6,6.72,6.048,0.14,0.03,0.03,0.2,120,4,2,1,4.9,5.88,4.704,0.12,0.03,0.03,0.18,118,4,2,1,4.9,5.782,4.16304,0.12,0.03,0.03,0.18,118,5,2,1,5.6,6.608,5.9472,15.484,17.0226,10.467968,42.974568,7.25,10.5,7.25,7.25,25.9259259259259,1.63934426229508,25.9259259259259,25.9259259259259,-423.809523809524,-519.047619047619,-423.809523809524,-423.809523809524,0,0,0,0.12,0.03,0.03,0.18,120,5,2,1,5.6,6.72,6.048,0.14,0.03,0.03,0.2,120,4,2,1,4.9,5.88,4.704,0.12,0.03,0.03,0.18,118,4,2,1,4.9,5.782,4.16304,0.12,0.03,0.03,0.18,121,5,2,1,5.6,6.776,6.0984,15.484,17.1402,10.573808,43.198008,7.25,10.5,7.25,7.25,25.9259259259259,1.63934426229508,25.9259259259259,25.9259259259259,-423.809523809524,-519.047619047619,-423.809523809524,-423.809523809524,0,0,0
9,B ClgW,0.09,0.03,0.01,0.13,120,5,3,1,6.3,7.56,4.914,0.1,0.03,0.01,0.14,120,5,3,1,6.3,7.56,5.292,0.1,0.04,0.01,0.15,120,5,3,1,6.3,7.56,5.67,0.1,0.04,0.01,0.15,120,5,3,1,6.3,7.56,5.67,18.522,19.3158,11.7124,49.5502,-7,-3.29999999999999,-0.399999999999989,-0.399999999999989,63.963963963964,60.3960396039604,50.4950495049505,50.4950495049505,-95.1219512195122,-119.512195121951,-143.90243902439,-143.90243902439,0,124.360003567924,0,0.09,0.03,0.01,0.13,121,5,4,2,7.7,9.317,6.05605,0.1,0.03,0.01,0.14,120,5,3,1,6.3,7.56,5.292,0.11,0.04,0.01,0.16,120,5,3,1,6.3,7.56,6.048,0.1,0.04,0.01,0.15,120,4,3,1,5.6,6.72,4.032,19.2619,19.527235,10.8304,49.619535,-7,-3.29999999999999,3.27272727272728,-0.399999999999989,63.963963963964,60.3960396039604,45.0549450549451,50.4950495049505,-95.1219512195122,-119.512195121951,-168.292682926829,-143.90243902439,0,124.360003567924,0,0.11,0.03,0.01,0.15,121,5,4,1,7,8.47,6.3525,0.1,0.03,0.01,0.14,120,5,3,1,6.3,7.56,5.292,0.11,0.04,0.01,0.16,120,5,3,1,6.3,7.56,6.048,0.1,0.04,0.01,0.15,121,4,3,1,5.6,6.776,4.0656,18.669,19.77395,10.85392,49.29687,-0.272727272727273,-3.29999999999999,3.27272727272728,-0.399999999999989,56.0439560439561,60.3960396039604,45.0549450549451,50.4950495049505,-143.90243902439,-119.512195121951,-168.292682926829,-143.90243902439,0,60.3960396039604,0,0.11,0.03,0.01,0.15,121,5,4,1,7,8.47,6.3525,0.1,0.03,0.01,0.14,120,5,2,1,5.6,6.72,4.704,0.11,0.04,0.01,0.16,120,5,3,1,6.3,7.56,6.048,0.1,0.04,0.01,0.15,121,4,3,1,5.6,6.776,4.0656,18.179,19.18595,10.44232,47.80727,-0.272727272727273,-3.29999999999999,3.27272727272728,-0.399999999999989,56.0439560439561,60.3960396039604,45.0549450549451,50.4950495049505,-143.90243902439,-119.512195121951,-168.292682926829,-143.90243902439,0,60.3960396039604,0
10,C ClgW,0.12,0.03,0.01,0.16,125,4,3,1,5.6,7,4.48,0.12,0.03,0.01,0.16,125,4,2,1,4.9,6.125,3.92,0.12,0.03,0.01,0.16,119,4,2,1,4.9,5.831,3.73184,0.12,0.03,0.01,0.16,119,4,2,1,4.9,5.831,3.73184,15.19,15.5869,8.052576,38.829476,2.25,2.25,2.25,2.25,50.6172839506173,50.6172839506173,50.6172839506173,50.6172839506173,-168.292682926829,-168.292682926829,-168.292682926829,-168.292682926829,0,0,0,0.12,0.03,0.01,0.16,125,4,3,1,5.6,7,4.48,0.12,0.03,0.01,0.16,125,4,2,1,4.9,6.125,3.92,0.12,0.03,0.02,0.17,118,4,2,1,4.9,5.782,3.93176,0.12,0.03,0.01,0.16,119,4,2,1,4.9,5.831,3.73184,15.19,15.5526,8.19252,38.93512,2.25,2.25,4.75,2.25,50.6172839506173,50.6172839506173,38.2716049382716,50.6172839506173,-168.292682926829,-168.292682926829,-254.838709677419,-168.292682926829,0,0,0,0.12,0.03,0.01,0.16,120,4,3,1,5.6,6.72,4.3008,0.12,0.03,0.01,0.16,125,4,2,1,4.9,6.125,3.92,0.12,0.03,0.02,0.17,118,4,2,1,4.9,5.782,3.93176,0.12,0.03,0.01,0.16,119,4,2,1,4.9,5.831,3.73184,14.994,15.42716,8.19252,38.61368,2.25,2.25,4.75,2.25,50.6172839506173,50.6172839506173,38.2716049382716,50.6172839506173,-168.292682926829,-168.292682926829,-254.838709677419,-168.292682926829,0,0,0,0.12,0.03,0.01,0.16,120,4,3,1,5.6,6.72,4.3008,0.12,0.03,0.01,0.16,125,4,2,1,4.9,6.125,3.92,0.12,0.03,0.02,0.17,118,4,2,1,4.9,5.782,3.93176,0.12,0.03,0.01,0.16,119,4,2,1,4.9,5.831,3.73184,14.994,15.42716,8.19252,38.61368,2.25,2.25,4.75,2.25,50.6172839506173,50.6172839506173,38.2716049382716,50.6172839506173,-168.292682926829,-168.292682926829,-254.838709677419,-168.292682926829,0,0,0
11,D ClgW,0.15,0.01,0.1,0.26,125,5,3,1,6.3,7.875,10.2375,0.15,0.01,0.08,0.24,125,5,3,1,6.3,7.875,9.45,0.14,0.05,0.1,0.29,125,5,3,1,6.3,7.875,11.41875,0.16,0.06,0.13,0.35,123,4,3,1,5.6,6.888,9.6432,18.2525,23.01285,21.463365,62.728715,7.26666666666667,5.93333333333333,49.6428571428572,74.625,-115.686274509804,-76.470588235294,-145.901639344262,-363.414634146341,344.897959183673,513.793103448276,406.122448979592,327.848101265823,74.625,0,1592.66161287736,0.15,0.01,0.1,0.26,125,5,3,1,6.3,7.875,10.2375,0.15,0.01,0.08,0.24,125,5,3,1,6.3,7.875,9.45,0.14,0.05,0.15,0.34,125,4,3,1,5.6,7,9.52,0.16,0.06,0.13,0.35,123,4,3,1,5.6,6.888,9.6432,17.7625,22.40035,20.13424,60.29709,7.26666666666667,5.93333333333333,67.5,74.625,-115.686274509804,-76.470588235294,-227.868852459016,-363.414634146341,344.897959183673,513.793103448276,251.515151515152,327.848101265823,142.125,0,1438.05431541292,0.15,0.02,0.11,0.28,125,4,3,1,5.6,7,7.84,0.15,0.04,0.1,0.29,120,5,3,1,6.3,7.56,10.962,0.14,0.05,0.13,0.32,125,5,3,1,6.3,7.875,12.6,0.15,0.06,0.12,0.33,121,4,3,1,5.6,6.776,8.94432,17.64,21.0357,22.859424,61.535124,17.2,37.0666666666667,60.3571428571429,71.6,-154.901960784314,-174.509803921569,-195.081967213115,-252.941176470588,320.338983050848,406.122448979592,289.873417721519,346.376811594203,131.957142857143,0,1362.71166134616,0.14,0.04,0.09,0.27,125,4,3,1,5.6,7,7.56,0.15,0.04,0.1,0.29,120,4,3,1,5.6,6.72,7.7952,0.14,0.05,0.13,0.32,125,5,3,1,6.3,7.875,12.6,0.14,0.06,0.1,0.3,121,5,4,1,7,8.47,12.705,18.13,21.4375,23.27514,62.84264,34,37.0666666666667,60.3571428571429,63.8571428571429,-113.114754098361,-174.509803921569,-195.081967213115,-162.295081967213,458.974358974359,406.122448979592,289.873417721519,426.530612244898,124.214285714286,0,1581.50083792037
12,A Bstr0,0.12,0.03,0.03,0.18,125,5,3,1,6.3,7.875,7.0875,0.12,0.03,0.03,0.18,125,4,3,1,5.6,7,5.04,0.13,0.04,0.03,0.2,125,4,3,1,5.6,7,5.6,0.13,0.04,0.03,0.2,125,4,3,1,5.6,7,5.6,17.2725,19.66125,11.452,48.38575,7.25,7.25,15.0769230769231,15.0769230769231,25.9259259259259,25.9259259259259,1.40845070422535,1.40845070422535,-423.809523809524,-423.809523809524,-519.047619047619,-519.047619047619,0,0,0,0.12,0.03,0.03,0.18,125,5,3,1,6.3,7.875,7.0875,0.12,0.03,0.03,0.18,125,4,3,1,5.6,7,5.04,0.13,0.04,0.03,0.2,125,4,3,1,5.6,7,5.6,0.13,0.04,0.03,0.2,122,4,3,1,5.6,6.832,5.4656,17.2725,19.54365,11.35792,48.17407,7.25,7.25,15.0769230769231,15.0769230769231,25.9259259259259,25.9259259259259,1.40845070422535,1.40845070422535,-423.809523809524,-423.809523809524,-519.047619047619,-519.047619047619,0,0,0,0.12,0.03,0.03,0.18,126,5,3,2,7,8.82,7.938,0.12,0.03,0.03,0.18,125,4,3,2,6.3,7.875,5.67,0.13,0.04,0.03,0.2,125,4,3,1,5.6,7,5.6,0.13,0.04,0.03,0.2,122,4,3,1,5.6,6.832,5.4656,18.424,20.7515,11.79892,50.97442,7.25,7.25,15.0769230769231,15.0769230769231,25.9259259259259,25.9259259259259,1.40845070422535,1.40845070422535,-423.809523809524,-423.809523809524,-519.047619047619,-519.047619047619,0,0,0,0.12,0.03,0.03,0.18,126,5,3,2,7,8.82,7.938,0.12,0.03,0.03,0.18,125,4,3,2,6.3,7.875,5.67,0.13,0.04,0.03,0.2,125,4,3,1,5.6,7,5.6,0.13,0.04,0.03,0.2,122,4,3,1,5.6,6.832,5.4656,18.424,20.7515,11.79892,50.97442,7.25,7.25,15.0769230769231,15.0769230769231,25.9259259259259,25.9259259259259,1.40845070422535,1.40845070422535,-423.809523809524,-423.809523809524,-519.047619047619,-519.047619047619,0,0,0
13,B Bstr0,0.15,0.03,0.01,0.19,125,5,3,1,6.3,7.875,7.48125,0.15,0.03,0.01,0.19,125,5,3,1,6.3,7.875,7.48125,0.14,0.03,0.01,0.18,120,5,3,1,6.3,7.56,6.804,0.14,0.03,0.01,0.18,120,5,3,1,6.3,7.56,6.804,18.7425,21.333375,14.867475,54.94335,7.8,7.8,6.21428571428572,6.21428571428572,21.5686274509804,21.5686274509804,34.4262295081967,34.4262295081967,-241.463414634146,-241.463414634146,-217.073170731707,-217.073170731707,0,0,0,0.15,0.03,0.01,0.19,124,5,3,1,6.3,7.812,7.4214,0.15,0.03,0.01,0.19,125,5,3,1,6.3,7.875,7.48125,0.14,0.03,0.01,0.18,121,5,3,1,6.3,7.623,6.8607,0.14,0.03,0.01,0.18,120,5,3,1,6.3,7.56,6.804,18.6984,21.33558,14.907165,54.941145,7.8,7.8,6.21428571428572,6.21428571428572,21.5686274509804,21.5686274509804,34.4262295081967,34.4262295081967,-241.463414634146,-241.463414634146,-217.073170731707,-217.073170731707,0,0,0,0.15,0.03,0.01,0.19,120,4,2,1,4.9,5.88,4.4688,0.15,0.03,0.01,0.19,125,5,3,1,6.3,7.875,7.48125,0.14,0.03,0.01,0.18,121,5,3,2,7,8.47,7.623,0.14,0.03,0.01,0.18,120,5,3,1,6.3,7.56,6.804,17.836,19.86166,15.440775,53.138435,7.8,7.8,6.21428571428572,6.21428571428572,21.5686274509804,21.5686274509804,34.4262295081967,34.4262295081967,-241.463414634146,-241.463414634146,-217.073170731707,-217.073170731707,0,0,0,0.15,0.03,0.01,0.19,120,4,2,1,4.9,5.88,4.4688,0.15,0.03,0.01,0.19,125,5,3,1,6.3,7.875,7.48125,0.14,0.03,0.01,0.18,121,5,3,2,7,8.47,7.623,0.14,0.03,0.01,0.18,118,5,3,1,6.3,7.434,6.6906,17.836,19.77346,15.361395,52.970855,7.8,7.8,6.21428571428572,6.21428571428572,21.5686274509804,21.5686274509804,34.4262295081967,34.4262295081967,-241.463414634146,-241.463414634146,-217.073170731707,-217.073170731707,0,0,0
14,C Bstr0,0.12,0.03,0.01,0.16,95,4,2,2,5.6,5.32,3.4048,0.15,0.03,0.01,0.19,130,5,4,2,7.7,10.01,9.5095,0.15,0.03,0.01,0.19,115,4,3,2,6.3,7.245,5.5062,0.13,0.04,0.02,0.19,117,4,3,2,6.3,7.371,5.60196,17.934,19.62156,14.537362,52.092922,2.25,7.8,7.8,12,50.6172839506173,21.5686274509804,21.5686274509804,15.4929577464789,-168.292682926829,-241.463414634146,-241.463414634146,-319.354838709677,0,0,0,0.12,0.04,0.01,0.17,100,4,2,2,5.6,5.6,3.808,0.15,0.04,0.01,0.2,131,6,5,2,9.1,11.921,14.3052,0.15,0.03,0.01,0.19,115,5,3,2,7,8.05,7.6475,0.13,0.04,0.02,0.19,117,4,3,2,6.3,7.371,5.60196,19.6,21.805,19.393262,60.798262,6.33333333333333,13.0666666666667,7.8,12,38.2716049382716,1.96078431372549,21.5686274509804,15.4929577464789,-192.682926829268,-265.853658536585,-241.463414634146,-319.354838709677,0,0,0,0.11,0.04,0.01,0.16,100,5,2,2,6.3,6.3,5.04,0.15,0.05,0.03,0.23,131,6,5,2,9.1,11.921,16.45098,0.15,0.03,0.01,0.19,115,4,3,1,5.6,6.44,4.8944,0.13,0.04,0.02,0.19,117,4,3,2,6.3,7.371,5.60196,19.11,21.5404,18.968138,59.618538,3.27272727272728,26.3333333333333,7.8,12,45.0549450549451,-56.8627450980391,21.5686274509804,15.4929577464789,-168.292682926829,-661.904761904762,-241.463414634146,-319.354838709677,0,0,0,0.1,0.04,0.02,0.16,101,5,2,2,6.3,6.363,5.0904,0.13,0.05,0.04,0.22,129,6,5,2,9.1,11.739,15.49548,0.15,0.03,0.01,0.19,115,4,3,1,5.6,6.44,4.8944,0.13,0.04,0.02,0.19,117,4,3,2,6.3,7.371,5.60196,19.1541,21.44828,18.285288,58.887668,3.6,26.5384615384615,7.8,12,40.5940594059406,-26.7605633802817,21.5686274509804,15.4929577464789,-222.58064516129,-1172.72727272727,-241.463414634146,-319.354838709677,0,0,0
15,D Bstr0,0.16,0.03,0.03,0.22,110,5,3,1,6.3,6.93,7.623,0.16,0.03,0.03,0.22,110,5,2,1,5.6,6.16,6.776,0.16,0.03,0.03,0.22,110,5,2,1,5.6,6.16,6.776,0.16,0.03,0.03,0.22,110,5,2,1,5.6,6.16,6.776,16.611,18.2721,14.3416,49.2247,12.9375,12.9375,12.9375,12.9375,-46.3414634146341,-46.3414634146341,-46.3414634146341,-46.3414634146341,-614.285714285714,-614.285714285714,-614.285714285714,-614.285714285714,0,0,0,0.15,0.03,0.03,0.21,110,5,3,1,6.3,6.93,7.2765,0.16,0.03,0.03,0.22,110,5,2,1,5.6,6.16,6.776,0.16,0.03,0.03,0.22,111,5,2,1,5.6,6.216,6.8376,0.16,0.03,0.03,0.22,110,5,2,1,5.6,6.16,6.776,16.611,18.06875,14.38472,49.06447,11.8,12.9375,12.9375,12.9375,-17.6470588235294,-46.3414634146341,-46.3414634146341,-46.3414634146341,-566.666666666667,-614.285714285714,-614.285714285714,-614.285714285714,0,0,0,0.15,0.03,0.03,0.21,110,5,3,1,6.3,6.93,7.2765,0.16,0.03,0.03,0.22,110,5,2,1,5.6,6.16,6.776,0.16,0.03,0.03,0.22,111,5,2,1,5.6,6.216,6.8376,0.16,0.03,0.03,0.22,111,5,2,1,5.6,6.216,6.8376,16.611,18.10795,14.42784,49.14679,11.8,12.9375,12.9375,12.9375,-17.6470588235294,-46.3414634146341,-46.3414634146341,-46.3414634146341,-566.666666666667,-614.285714285714,-614.285714285714,-614.285714285714,0,0,0,0.15,0.03,0.03,0.21,110,5,3,1,6.3,6.93,7.2765,0.16,0.03,0.03,0.22,110,5,2,1,5.6,6.16,6.776,0.16,0.03,0.03,0.22,111,5,2,1,5.6,6.216,6.8376,0.16,0.03,0.03,0.22,109,5,2,1,5.6,6.104,6.7144,16.611,18.02955,14.3416,48.98215,11.8,12.9375,12.9375,12.9375,-17.6470588235294,-46.3414634146341,-46.3414634146341,-46.3414634146341,-566.666666666667,-614.285714285714,-614.285714285714,-614.285714285714,0,0,0
16,A TurbO,0.12,0.03,0.01,0.16,110,5,3,1,6.3,6.93,5.544,0.12,0.03,0.01,0.16,110,4,3,2,6.3,6.93,4.4352,0.13,0.05,0.01,0.19,110,4,3,2,6.3,6.93,5.2668,0.12,0.05,0.01,0.18,110,4,3,2,6.3,6.93,4.9896,18.081,18.4338,10.36812,46.88292,2.25,2.25,15,12.0833333333333,50.6172839506173,50.6172839506173,15.4929577464789,25.9259259259259,-168.292682926829,-168.292682926829,-241.463414634146,-217.073170731707,0,0,0,0.12,0.03,0.01,0.16,110,5,3,1,6.3,6.93,5.544,0.12,0.03,0.01,0.16,110,4,3,2,6.3,6.93,4.4352,0.13,0.05,0.01,0.19,110,4,2,2,5.6,6.16,4.6816,0.12,0.05,0.01,0.18,110,4,3,2,6.3,6.93,4.9896,17.591,17.8948,9.95848,45.44428,2.25,2.25,15,12.0833333333333,50.6172839506173,50.6172839506173,15.4929577464789,25.9259259259259,-168.292682926829,-168.292682926829,-241.463414634146,-217.073170731707,0,0,0,0.12,0.03,0.01,0.16,110,5,3,1,6.3,6.93,5.544,0.12,0.03,0.01,0.16,99,4,3,2,6.3,6.237,3.99168,0.13,0.05,0.01,0.19,110,4,2,2,5.6,6.16,4.6816,0.12,0.05,0.01,0.18,110,4,3,2,6.3,6.93,4.9896,17.591,17.4097,9.648016,44.648716,2.25,2.25,15,12.0833333333333,50.6172839506173,50.6172839506173,15.4929577464789,25.9259259259259,-168.292682926829,-168.292682926829,-241.463414634146,-217.073170731707,0,0,0,0.12,0.03,0.01,0.16,111,5,3,1,6.3,6.993,5.5944,0.12,0.03,0.01,0.16,99,4,3,2,6.3,6.237,3.99168,0.13,0.05,0.01,0.19,110,4,2,2,5.6,6.16,4.6816,0.12,0.05,0.01,0.18,110,4,3,2,6.3,6.93,4.9896,17.6351,17.44498,9.648016,44.728096,2.25,2.25,15,12.0833333333333,50.6172839506173,50.6172839506173,15.4929577464789,25.9259259259259,-168.292682926829,-168.292682926829,-241.463414634146,-217.073170731707,0,0,0
17,B TurbO,0.12,0.09,0.03,0.24,110,3,2,1,4.2,4.62,3.3264,0.12,0.09,0.03,0.24,110,3,2,1,4.2,4.62,3.3264,0.12,0.09,0.03,0.24,99,3,2,1,4.2,4.158,2.99376,0.12,0.09,0.03,0.24,99,3,2,1,4.2,4.158,2.99376,12.054,11.38368,6.603744,30.041424,66.75,66.75,66.75,66.75,-48.1481481481481,-48.1481481481481,-48.1481481481481,-48.1481481481481,-709.523809523809,-709.523809523809,-709.523809523809,-709.523809523809,267,0,0,0.12,0.09,0.03,0.24,110,3,2,1,4.2,4.62,3.3264,0.12,0.09,0.03,0.24,110,3,2,1,4.2,4.62,3.3264,0.12,0.09,0.03,0.24,95,4,2,1,4.9,4.655,4.4688,0.12,0.09,0.03,0.24,99,3,2,1,4.2,4.158,2.99376,12.544,11.73158,7.636272,31.911852,66.75,66.75,66.75,66.75,-48.1481481481481,-48.1481481481481,-48.1481481481481,-48.1481481481481,-709.523809523809,-709.523809523809,-709.523809523809,-709.523809523809,267,0,0,0.12,0.09,0.03,0.24,110,3,2,1,4.2,4.62,3.3264,0.12,0.09,0.03,0.24,110,3,2,1,4.2,4.62,3.3264,0.12,0.09,0.03,0.24,95,4,2,1,4.9,4.655,4.4688,0.12,0.09,0.03,0.24,99,3,2,1,4.2,4.158,2.99376,12.544,11.73158,7.636272,31.911852,66.75,66.75,66.75,66.75,-48.1481481481481,-48.1481481481481,-48.1481481481481,-48.1481481481481,-709.523809523809,-709.523809523809,-709.523809523809,-709.523809523809,267,0,0,0.12,0.09,0.03,0.24,110,3,2,1,4.2,4.62,3.3264,0.12,0.09,0.03,0.24,110,3,2,1,4.2,4.62,3.3264,0.12,0.09,0.03,0.24,95,4,2,1,4.9,4.655,4.4688,0.12,0.09,0.03,0.24,109,3,2,1,4.2,4.578,3.29616,12.544,12.02558,7.847952,32.417532,66.75,66.75,66.75,66.75,-48.1481481481481,-48.1481481481481,-48.1481481481481,-48.1481481481481,-709.523809523809,-709.523809523809,-709.523809523809,-709.523809523809,267,0,0
18,C TurbO,0.12,0.03,0.01,0.16,115,5,3,1,6.3,7.245,5.796,0.12,0.03,0.01,0.16,115,5,2,1,5.6,6.44,5.152,0.12,0.04,0.01,0.17,115,5,2,1,5.6,6.44,5.474,0.09,0.04,0.01,0.14,115,5,2,1,5.6,6.44,4.508,16.8315,17.5812,10.6778,45.0905,2.25,2.25,6.33333333333333,-4.88888888888888,50.6172839506173,50.6172839506173,38.2716049382716,54.954954954955,-168.292682926829,-168.292682926829,-192.682926829268,-119.512195121951,0,0,0,0.12,0.03,0.01,0.16,115,5,3,1,6.3,7.245,5.796,0.12,0.03,0.01,0.16,115,5,2,1,5.6,6.44,5.152,0.12,0.04,0.01,0.17,115,5,2,1,5.6,6.44,5.474,0.09,0.04,0.01,0.14,115,5,2,1,5.6,6.44,4.508,16.8315,17.5812,10.6778,45.0905,2.25,2.25,6.33333333333333,-4.88888888888888,50.6172839506173,50.6172839506173,38.2716049382716,54.954954954955,-168.292682926829,-168.292682926829,-192.682926829268,-119.512195121951,0,0,0,0.12,0.03,0.01,0.16,115,5,3,1,6.3,7.245,5.796,0.12,0.03,0.01,0.16,115,5,2,1,5.6,6.44,5.152,0.12,0.04,0.01,0.17,115,5,3,1,6.3,7.245,6.15825,0.09,0.04,0.01,0.14,115,5,2,1,5.6,6.44,4.508,17.3215,18.1447,11.156775,46.622975,2.25,2.25,6.33333333333333,-4.88888888888888,50.6172839506173,50.6172839506173,38.2716049382716,54.954954954955,-168.292682926829,-168.292682926829,-192.682926829268,-119.512195121951,0,0,0,0.12,0.03,0.01,0.16,111,5,3,1,6.3,6.993,5.5944,0.12,0.03,0.01,0.16,115,5,2,1,5.6,6.44,5.152,0.12,0.04,0.01,0.17,115,5,3,1,6.3,7.245,6.15825,0.08,0.04,0.01,0.13,115,5,2,1,5.6,6.44,4.186,17.1451,18.00358,10.931375,46.080055,2.25,2.25,6.33333333333333,-10.5,50.6172839506173,50.6172839506173,38.2716049382716,58.6776859504132,-168.292682926829,-168.292682926829,-192.682926829268,-95.1219512195122,0,0,0
19,D TurbO,0.12,0.03,0.01,0.16,115,5,3,1,6.3,7.245,5.796,0.12,0.03,0.01,0.16,115,5,3,1,6.3,7.245,5.796,0.12,0.07,0.01,0.2,115,5,3,1,6.3,7.245,7.245,0.12,0.07,0.01,0.2,115,5,3,1,6.3,7.245,7.245,18.3015,19.2717,14.2842,51.8574,2.25,2.25,28.5833333333333,28.5833333333333,50.6172839506173,50.6172839506173,1.23456790123457,1.23456790123457,-168.292682926829,-168.292682926829,-265.853658536585,-265.853658536585,0,0,0,0.12,0.03,0.01,0.16,115,4,4,1,6.3,7.245,4.6368,0.12,0.03,0.01,0.16,115,5,3,1,6.3,7.245,5.796,0.12,0.07,0.01,0.2,115,5,3,1,6.3,7.245,7.245,0.12,0.07,0.01,0.2,115,5,3,1,6.3,7.245,7.245,18.3015,18.46026,14.2842,51.04596,2.25,2.25,28.5833333333333,28.5833333333333,50.6172839506173,50.6172839506173,1.23456790123457,1.23456790123457,-168.292682926829,-168.292682926829,-265.853658536585,-265.853658536585,0,0,0,0.13,0.04,0.01,0.18,115,4,4,1,6.3,7.245,5.2164,0.11,0.03,0.01,0.15,115,5,3,1,6.3,7.245,5.43375,0.12,0.07,0.01,0.2,115,5,3,1,6.3,7.245,7.245,0.12,0.07,0.01,0.2,111,5,3,1,6.3,6.993,6.993,18.3015,18.68958,13.847225,50.838305,8.92307692307692,-0.272727272727273,28.5833333333333,28.5833333333333,29.5774647887324,56.0439560439561,1.23456790123457,1.23456790123457,-217.073170731707,-143.90243902439,-265.853658536585,-265.853658536585,0,0,0,0.13,0.04,0.01,0.18,115,4,4,1,6.3,7.245,5.2164,0.11,0.03,0.01,0.15,115,5,3,1,6.3,7.245,5.43375,0.12,0.07,0.01,0.2,115,5,3,1,6.3,7.245,7.245,0.12,0.07,0.01,0.2,100,5,3,1,6.3,6.3,6.3,18.3015,18.20448,13.362125,49.868105,8.92307692307692,-0.272727272727273,28.5833333333333,28.5833333333333,29.5774647887324,56.0439560439561,1.23456790123457,1.23456790123457,-217.073170731707,-143.90243902439,-265.853658536585,-265.853658536585,0,0,0
20,A CW,0.12,0.03,0.01,0.16,115,5,3,1,6.3,7.245,5.796,0.12,0.03,0.01,0.16,115,4,3,1,5.6,6.44,4.1216,0.12,0.03,0.01,0.16,115,4,3,1,5.6,6.44,4.1216,0.15,0.03,0.01,0.19,115,4,2,1,4.9,5.635,4.2826,16.3415,17.0177,8.85206,42.21126,2.25,2.25,2.25,7.8,50.6172839506173,50.6172839506173,50.6172839506173,21.5686274509804,-168.292682926829,-168.292682926829,-168.292682926829,-241.463414634146,0,0,0,0.12,0.03,0.01,0.16,115,5,3,1,6.3,7.245,5.796,0.12,0.03,0.01,0.16,115,4,3,1,5.6,6.44,4.1216,0.12,0.03,0.01,0.16,113,4,3,1,5.6,6.328,4.04992,0.15,0.03,0.01,0.19,115,4,2,1,4.9,5.635,4.2826,16.3415,16.9393,8.801884,42.082684,2.25,2.25,2.25,7.8,50.6172839506173,50.6172839506173,50.6172839506173,21.5686274509804,-168.292682926829,-168.292682926829,-168.292682926829,-241.463414634146,0,0,0,0.12,0.03,0.02,0.17,115,5,3,1,6.3,7.245,6.15825,0.12,0.03,0.01,0.16,115,4,3,1,5.6,6.44,4.1216,0.12,0.03,0.01,0.16,113,4,3,1,5.6,6.328,4.04992,0.15,0.03,0.01,0.19,115,4,2,1,4.9,5.635,4.2826,16.3415,17.192875,8.801884,42.336259,4.75,2.25,2.25,7.8,38.2716049382716,50.6172839506173,50.6172839506173,21.5686274509804,-254.838709677419,-168.292682926829,-168.292682926829,-241.463414634146,0,0,0,0.12,0.03,0.02,0.17,115,5,3,1,6.3,7.245,6.15825,0.12,0.03,0.01,0.16,110,4,3,1,5.6,6.16,3.9424,0.12,0.03,0.01,0.16,113,4,3,1,5.6,6.328,4.04992,0.15,0.03,0.01,0.19,115,5,2,1,5.6,6.44,6.118,16.8315,17.560375,9.961224,44.353099,4.75,2.25,2.25,7.8,38.2716049382716,50.6172839506173,50.6172839506173,21.5686274509804,-254.838709677419,-168.292682926829,-168.292682926829,-241.463414634146,0,0,0
21,B CW,0.12,0.09,0.02,0.23,115,4,2,2,5.6,6.44,5.9248,0.12,0.09,0.02,0.23,115,4,2,2,5.6,6.44,5.9248,0.11,0.09,0.02,0.22,115,4,2,2,5.6,6.44,5.6672,0.13,0.09,0.02,0.24,115,4,3,2,6.3,7.245,6.9552,16.758,18.23486,13.06704,48.0599,59.25,59.25,56.4545454545455,61.6153846153846,-35.8024691358024,-35.8024691358024,-20.8791208791209,-54.9295774647887,-448.387096774193,-448.387096774193,-416.129032258065,-480.645161290323,61.6153846153846,0,0,0.12,0.09,0.02,0.23,115,4,2,2,5.6,6.44,5.9248,0.12,0.09,0.02,0.23,115,4,2,2,5.6,6.44,5.9248,0.11,0.08,0.02,0.21,115,4,2,2,5.6,6.44,5.4096,0.13,0.09,0.02,0.24,115,4,4,2,7,8.05,7.728,17.248,18.79836,13.42768,49.47404,59.25,59.25,42.9090909090909,61.6153846153846,-35.8024691358024,-35.8024691358024,-9.8901098901099,-54.9295774647887,-448.387096774193,-448.387096774193,-383.870967741935,-480.645161290323,61.6153846153846,0,0,0.12,0.09,0.02,0.23,115,4,2,2,5.6,6.44,5.9248,0.12,0.09,0.02,0.23,115,4,2,2,5.6,6.44,5.9248,0.11,0.08,0.02,0.21,115,4,2,2,5.6,6.44,5.4096,0.13,0.09,0.02,0.24,115,4,4,2,7,8.05,7.728,17.248,18.79836,13.42768,49.47404,59.25,59.25,42.9090909090909,61.6153846153846,-35.8024691358024,-35.8024691358024,-9.8901098901099,-54.9295774647887,-448.387096774193,-448.387096774193,-383.870967741935,-480.645161290323,61.6153846153846,0,0,0.12,0.09,0.02,0.23,111,4,2,2,5.6,6.216,5.71872,0.12,0.09,0.02,0.23,115,4,2,2,5.6,6.44,5.9248,0.11,0.08,0.02,0.21,115,4,2,2,5.6,6.44,5.4096,0.13,0.09,0.02,0.24,115,4,4,2,7,8.05,7.728,17.0912,18.654104,13.42768,49.172984,59.25,59.25,42.9090909090909,61.6153846153846,-35.8024691358024,-35.8024691358024,-9.8901098901099,-54.9295774647887,-448.387096774193,-448.387096774193,-383.870967741935,-480.645161290323,61.6153846153846,0,0
22,C CW,0.12,0.03,0.01,0.16,115,5,3,1,6.3,7.245,5.796,0.12,0.03,0.01,0.16,115,5,3,1,6.3,7.245,5.796,0.12,0.05,0.02,0.19,115,5,3,1,6.3,7.245,6.88275,0.12,0.05,0.02,0.19,115,5,3,1,6.3,7.245,6.88275,18.3015,19.2717,13.77705,51.35025,2.25,2.25,16.25,16.25,50.6172839506173,50.6172839506173,13.5802469135803,13.5802469135803,-168.292682926829,-168.292682926829,-319.354838709677,-319.354838709677,0,0,0,0.12,0.03,0.01,0.16,115,5,3,1,6.3,7.245,5.796,0.12,0.03,0.01,0.16,115,5,3,1,6.3,7.245,5.796,0.12,0.05,0.02,0.19,115,5,3,1,6.3,7.245,6.88275,0.12,0.05,0.02,0.19,115,5,3,1,6.3,7.245,6.88275,18.3015,19.2717,13.77705,51.35025,2.25,2.25,16.25,16.25,50.6172839506173,50.6172839506173,13.5802469135803,13.5802469135803,-168.292682926829,-168.292682926829,-319.354838709677,-319.354838709677,0,0,0,0.12,0.03,0.01,0.16,115,5,3,1,6.3,7.245,5.796,0.12,0.03,0.01,0.16,115,5,3,1,6.3,7.245,5.796,0.12,0.05,0.02,0.19,115,5,3,1,6.3,7.245,6.88275,0.12,0.05,0.02,0.19,110,5,3,1,6.3,6.93,6.5835,18.3015,19.0512,13.567575,50.920275,2.25,2.25,16.25,16.25,50.6172839506173,50.6172839506173,13.5802469135803,13.5802469135803,-168.292682926829,-168.292682926829,-319.354838709677,-319.354838709677,0,0,0,0.12,0.03,0.01,0.16,115,5,3,1,6.3,7.245,5.796,0.12,0.03,0.01,0.16,115,5,3,1,6.3,7.245,5.796,0.12,0.05,0.02,0.19,115,5,3,1,6.3,7.245,6.88275,0.12,0.05,0.02,0.19,110,5,3,1,6.3,6.93,6.5835,18.3015,19.0512,13.567575,50.920275,2.25,2.25,16.25,16.25,50.6172839506173,50.6172839506173,13.5802469135803,13.5802469135803,-168.292682926829,-168.292682926829,-319.354838709677,-319.354838709677,0,0,0
23,D CW,0.12,0.03,0.01,0.16,98,5,3,1,6.3,6.174,4.9392,0.12,0.03,0.01,0.16,98,5,3,1,6.3,6.174,4.9392,0.12,0.03,0.01,0.16,98,5,3,1,6.3,6.174,4.9392,0.12,0.03,0.13,0.28,98,5,3,1,6.3,6.174,8.6436,17.5518,16.42284,13.0494,47.02404,2.25,2.25,2.25,32.25,50.6172839506173,50.6172839506173,50.6172839506173,-97.5308641975309,-168.292682926829,-168.292682926829,-168.292682926829,239.240506329114,0,0,239.240506329114,0.12,0.04,0.02,0.18,98,5,3,2,7,6.86,6.174,0.12,0.03,0.01,0.16,98,5,3,1,6.3,6.174,4.9392,0.12,0.03,0.01,0.16,100,5,3,1,6.3,6.3,5.04,0.12,0.03,0.13,0.28,98,5,3,1,6.3,6.174,8.6436,18.032,17.3754,13.11996,48.52736,9.66666666666667,2.25,2.25,32.25,25.9259259259259,50.6172839506173,50.6172839506173,-97.5308641975309,-287.096774193548,-168.292682926829,-168.292682926829,239.240506329114,0,0,239.240506329114,0.12,0.04,0.02,0.18,98,5,3,2,7,6.86,6.174,0.12,0.03,0.02,0.17,98,5,3,1,6.3,6.174,5.2479,0.12,0.03,0.01,0.16,100,5,3,1,6.3,6.3,5.04,0.12,0.03,0.13,0.28,98,5,3,1,6.3,6.174,8.6436,18.032,17.3754,13.33605,48.74345,9.66666666666667,4.75,2.25,32.25,25.9259259259259,38.2716049382716,50.6172839506173,-97.5308641975309,-287.096774193548,-254.838709677419,-168.292682926829,239.240506329114,0,0,239.240506329114,0.12,0.04,0.02,0.18,98,5,3,2,7,6.86,6.174,0.12,0.03,0.02,0.17,98,5,3,1,6.3,6.174,5.2479,0.12,0.03,0.01,0.16,100,5,3,1,6.3,6.3,5.04,0.12,0.03,0.13,0.28,99,5,3,1,6.3,6.237,8.7318,18.032,17.4195,13.39779,48.84929,9.66666666666667,4.75,2.25,32.25,25.9259259259259,38.2716049382716,50.6172839506173,-97.5308641975309,-287.096774193548,-254.838709677419,-168.292682926829,239.240506329114,0,0,239.240506329114
24,A ClgT,0.09,0.09,0.01,0.19,92,3,2,1,4.2,3.864,2.20248,0.09,0.09,0.01,0.19,99,4,3,1,5.6,5.544,4.21344,0.09,0.09,0.01,0.19,99,4,3,1,5.6,5.544,4.21344,0.1,0.09,0.03,0.22,99,4,3,1,5.6,5.544,4.87872,14.4648,13.184136,9.37692,37.025856,39,39,39,62.1,9.90990990990992,9.90990990990992,9.90990990990992,-18.8118811881188,-241.463414634146,-241.463414634146,-241.463414634146,-614.285714285714,62.1,0,0,0.09,0.08,0.01,0.18,92,3,2,1,4.2,3.864,2.08656,0.09,0.09,0.01,0.19,99,4,3,1,5.6,5.544,4.21344,0.09,0.09,0.01,0.19,99,4,3,1,5.6,5.544,4.21344,0.1,0.09,0.03,0.22,99,4,3,1,5.6,5.544,4.87872,14.4648,13.102992,9.37692,36.944712,25.7777777777778,39,39,62.1,18.9189189189189,9.90990990990992,9.90990990990992,-18.8118811881188,-217.073170731707,-241.463414634146,-241.463414634146,-614.285714285714,62.1,0,0,0.09,0.08,0.01,0.18,98,3,2,1,4.2,4.116,2.22264,0.09,0.09,0.01,0.19,99,4,3,1,5.6,5.544,4.21344,0.09,0.09,0.01,0.19,99,4,3,1,5.6,5.544,4.21344,0.1,0.09,0.03,0.22,99,4,3,1,5.6,5.544,4.87872,14.6412,13.198248,9.37692,37.216368,25.7777777777778,39,39,62.1,18.9189189189189,9.90990990990992,9.90990990990992,-18.8118811881188,-217.073170731707,-241.463414634146,-241.463414634146,-614.285714285714,62.1,0,0,0.09,0.08,0.01,0.18,98,3,2,1,4.2,4.116,2.22264,0.09,0.09,0.01,0.19,99,4,3,1,5.6,5.544,4.21344,0.09,0.09,0.01,0.19,99,4,3,1,5.6,5.544,4.21344,0.1,0.09,0.03,0.22,99,4,3,1,5.6,5.544,4.87872,14.6412,13.198248,9.37692,37.216368,25.7777777777778,39,39,62.1,18.9189189189189,9.90990990990992,9.90990990990992,-18.8118811881188,-217.073170731707,-241.463414634146,-241.463414634146,-614.285714285714,62.1,0,0
25,B ClgT,0.12,0.03,0.03,0.18,98,5,3,1,6.3,6.174,5.5566,0.12,0.03,0.03,0.18,98,5,3,1,6.3,6.174,5.5566,0.12,0.03,0.03,0.18,100,5,3,1,6.3,6.3,5.67,0.12,0.03,0.01,0.16,100,5,2,1,5.6,5.6,4.48,17.0618,16.54142,11.07862,44.68184,7.25,7.25,7.25,2.25,25.9259259259259,25.9259259259259,25.9259259259259,50.6172839506173,-423.809523809524,-423.809523809524,-423.809523809524,-168.292682926829,0,0,0,0.12,0.03,0.03,0.18,98,5,3,2,7,6.86,6.174,0.12,0.03,0.03,0.18,98,5,3,1,6.3,6.174,5.5566,0.12,0.03,0.03,0.18,100,5,3,1,6.3,6.3,5.67,0.12,0.03,0.01,0.16,95,5,2,1,5.6,5.32,4.256,17.542,16.7776,10.92182,45.24142,7.25,7.25,7.25,2.25,25.9259259259259,25.9259259259259,25.9259259259259,50.6172839506173,-423.809523809524,-423.809523809524,-423.809523809524,-168.292682926829,0,0,0,0.12,0.03,0.03,0.18,98,5,3,2,7,6.86,6.174,0.12,0.03,0.03,0.18,98,5,3,1,6.3,6.174,5.5566,0.12,0.03,0.03,0.18,100,5,3,1,6.3,6.3,5.67,0.12,0.03,0.01,0.16,100,5,2,1,5.6,5.6,4.48,17.542,16.9736,11.07862,45.59422,7.25,7.25,7.25,2.25,25.9259259259259,25.9259259259259,25.9259259259259,50.6172839506173,-423.809523809524,-423.809523809524,-423.809523809524,-168.292682926829,0,0,0,0.12,0.03,0.03,0.18,111,5,3,2,7,7.77,6.993,0.12,0.03,0.03,0.18,100,5,3,1,6.3,6.3,5.67,0.12,0.03,0.03,0.18,100,5,3,1,6.3,6.3,5.67,0.12,0.03,0.01,0.16,100,5,2,1,5.6,5.6,4.48,18.179,17.6351,11.158,46.9721,7.25,7.25,7.25,2.25,25.9259259259259,25.9259259259259,25.9259259259259,50.6172839506173,-423.809523809524,-423.809523809524,-423.809523809524,-168.292682926829,0,0,0
26,C ClgT,0.15,0.03,0.01,0.19,90,5,3,1,6.3,5.67,5.3865,0.15,0.03,0.01,0.19,99,5,2,1,5.6,5.544,5.2668,0.15,0.03,0.01,0.19,99,5,2,1,5.6,5.544,5.2668,0.15,0.03,0.02,0.2,99,5,3,1,6.3,6.237,6.237,16.219,15.89805,11.84442,43.96147,7.8,7.8,7.8,9.8,21.5686274509804,21.5686274509804,21.5686274509804,1.96078431372549,-241.463414634146,-241.463414634146,-241.463414634146,-351.612903225806,0,0,0,0.15,0.03,0.01,0.19,95,6,3,1,7,6.65,7.581,0.15,0.03,0.01,0.19,99,5,2,1,5.6,5.544,5.2668,0.15,0.03,0.01,0.19,99,5,2,1,5.6,5.544,5.2668,0.15,0.03,0.02,0.2,99,5,3,1,6.3,6.237,6.237,16.905,17.4342,11.84442,46.18362,7.8,7.8,7.8,9.8,21.5686274509804,21.5686274509804,21.5686274509804,1.96078431372549,-241.463414634146,-241.463414634146,-241.463414634146,-351.612903225806,0,0,0,0.15,0.03,0.01,0.19,95,6,3,1,7,6.65,7.581,0.15,0.03,0.01,0.19,99,5,2,1,5.6,5.544,5.2668,0.15,0.03,0.01,0.19,99,5,2,1,5.6,5.544,5.2668,0.15,0.03,0.02,0.2,99,5,3,1,6.3,6.237,6.237,16.905,17.4342,11.84442,46.18362,7.8,7.8,7.8,9.8,21.5686274509804,21.5686274509804,21.5686274509804,1.96078431372549,-241.463414634146,-241.463414634146,-241.463414634146,-351.612903225806,0,0,0,0.15,0.03,0.01,0.19,95,6,3,1,7,6.65,7.581,0.15,0.03,0.01,0.19,99,5,2,1,5.6,5.544,5.2668,0.15,0.03,0.01,0.19,99,5,2,1,5.6,5.544,5.2668,0.15,0.03,0.02,0.2,99,5,3,1,6.3,6.237,6.237,16.905,17.4342,11.84442,46.18362,7.8,7.8,7.8,9.8,21.5686274509804,21.5686274509804,21.5686274509804,1.96078431372549,-241.463414634146,-241.463414634146,-241.463414634146,-351.612903225806,0,0,0
27,D ClgT,0.13,0.09,0.03,0.25,92,5,3,1,6.3,5.796,7.245,0.13,0.09,0.03,0.25,92,5,3,1,6.3,5.796,7.245,0.13,0.09,0.02,0.24,92,5,3,1,6.3,5.796,6.9552,0.13,0.08,0.03,0.24,92,5,2,1,5.6,5.152,6.1824,16.7972,16.7923,14.35882,47.94832,68.5384615384615,68.5384615384615,61.6153846153846,54.7692307692308,-69.0140845070422,-69.0140845070422,-54.9295774647887,-54.9295774647887,-757.142857142857,-757.142857142857,-480.645161290323,-709.523809523809,198.692307692308,0,0,0.12,0.07,0.04,0.23,94,5,3,1,6.3,5.922,6.8103,0.13,0.09,0.03,0.25,92,5,3,1,6.3,5.796,7.245,0.13,0.09,0.02,0.24,95,5,3,1,6.3,5.985,7.182,0.13,0.08,0.03,0.24,95,5,2,1,5.6,5.32,6.384,16.8854,16.73791,14.6587,48.28201,46.0833333333333,68.5384615384615,61.6153846153846,54.7692307692308,-35.8024691358025,-69.0140845070422,-54.9295774647887,-54.9295774647887,-1263.63636363636,-757.142857142857,-480.645161290323,-709.523809523809,130.153846153846,0,0,0.12,0.07,0.04,0.23,97,5,3,1,6.3,6.111,7.02765,0.13,0.09,0.03,0.25,95,5,3,1,6.3,5.985,7.48125,0.13,0.09,0.02,0.24,100,5,3,1,6.3,6.3,7.56,0.13,0.08,0.03,0.24,95,5,2,1,5.6,5.32,6.384,17.0177,17.242855,15.088675,49.34923,46.0833333333333,68.5384615384615,61.6153846153846,54.7692307692308,-35.8024691358025,-69.0140845070422,-54.9295774647887,-54.9295774647887,-1263.63636363636,-757.142857142857,-480.645161290323,-709.523809523809,130.153846153846,0,0,0.12,0.07,0.04,0.23,98,5,3,1,6.3,6.174,7.1001,0.13,0.09,0.03,0.25,95,5,3,1,6.3,5.985,7.48125,0.13,0.09,0.02,0.24,100,5,3,1,6.3,6.3,7.56,0.13,0.08,0.03,0.24,95,5,2,1,5.6,5.32,6.384,17.0618,17.29357,15.088675,49.444045,46.0833333333333,68.5384615384615,61.6153846153846,54.7692307692308,-35.8024691358025,-69.0140845070422,-54.9295774647887,-54.9295774647887,-1263.63636363636,-757.142857142857,-480.645161290323,-709.523809523809,130.153846153846,0,0
28,E ClgT,0.15,0.03,0.01,0.19,110,4,3,2,6.3,6.93,5.2668,0.15,0.03,0.01,0.19,110,4,3,2,6.3,6.93,5.2668,0.15,0.03,0.01,0.19,110,4,3,2,6.3,6.93,5.2668,0.15,0.03,0.01,0.19,110,4,2,2,5.6,6.16,4.6816,17.591,17.70076,10.75564,46.0474,7.8,7.8,7.8,7.8,21.5686274509804,21.5686274509804,21.5686274509804,21.5686274509804,-241.463414634146,-241.463414634146,-241.463414634146,-241.463414634146,0,0,0,0.15,0.03,0.01,0.19,110,4,3,2,6.3,6.93,5.2668,0.15,0.03,0.01,0.19,110,4,3,2,6.3,6.93,5.2668,0.15,0.03,0.01,0.19,110,4,3,2,6.3,6.93,5.2668,0.15,0.03,0.01,0.19,110,4,2,2,5.6,6.16,4.6816,17.591,17.70076,10.75564,46.0474,7.8,7.8,7.8,7.8,21.5686274509804,21.5686274509804,21.5686274509804,21.5686274509804,-241.463414634146,-241.463414634146,-241.463414634146,-241.463414634146,0,0,0,0.15,0.03,0.01,0.19,110,4,3,2,6.3,6.93,5.2668,0.15,0.03,0.01,0.19,110,4,3,2,6.3,6.93,5.2668,0.15,0.03,0.01,0.19,110,4,3,2,6.3,6.93,5.2668,0.15,0.03,0.01,0.19,110,4,2,2,5.6,6.16,4.6816,17.591,17.70076,10.75564,46.0474,7.8,7.8,7.8,7.8,21.5686274509804,21.5686274509804,21.5686274509804,21.5686274509804,-241.463414634146,-241.463414634146,-241.463414634146,-241.463414634146,0,0,0,0.15,0.03,0.01,0.19,110,4,3,2,6.3,6.93,5.2668,0.15,0.03,0.01,0.19,99,4,3,2,6.3,6.237,4.74012,0.15,0.03,0.01,0.19,110,4,3,2,6.3,6.93,5.2668,0.15,0.03,0.01,0.19,110,4,2,2,5.6,6.16,4.6816,17.591,17.21566,10.386964,45.193624,7.8,7.8,7.8,7.8,21.5686274509804,21.5686274509804,21.5686274509804,21.5686274509804,-241.463414634146,-241.463414634146,-241.463414634146,-241.463414634146,0,0,0
29,F ClgT,0.12,0.03,0.11,0.26,110,5,2,1,5.6,6.16,8.008,0.12,0.03,0.05,0.2,110,4,2,1,4.9,5.39,4.312,0.19,0.04,0.09,0.32,115,4,2,1,4.9,5.635,7.2128,0.19,0.04,0.11,0.34,115,4,3,1,5.6,6.44,8.7584,15.092,17.8311,14.28224,47.20534,27.25,12.25,35.578947368421,39.7894736842105,-72.8395061728395,1.23456790123457,-1081.81818181818,-1263.63636363636,286.440677966102,-10900,587.179487179487,422.033898305085,0,0,1295.65406345067,0.12,0.03,0.11,0.26,109,5,2,1,5.6,6.104,7.9352,0.12,0.03,0.05,0.2,110,4,2,1,4.9,5.39,4.312,0.19,0.04,0.1,0.33,111,4,2,1,4.9,5.439,7.17948,0.19,0.04,0.11,0.34,116,5,3,1,6.3,7.308,12.4236,15.5428,18.25054,16.824556,50.617896,27.25,12.25,37.6842105263158,39.7894736842105,-72.8395061728395,1.23456790123457,-1172.72727272727,-1263.63636363636,286.440677966102,-10900,487.755102040816,422.033898305085,0,0,1196.229678312,0.13,0.03,0.11,0.27,109,5,2,1,5.6,6.104,8.2404,0.12,0.03,0.05,0.2,110,4,2,1,4.9,5.39,4.312,0.19,0.04,0.13,0.36,115,5,2,1,5.6,6.44,11.592,0.19,0.03,0.12,0.34,113,5,3,1,6.3,7.119,12.1023,16.0328,19.03258,19.68841,54.75379,27.4615384615385,12.25,44,29.8421052631579,-97.1830985915493,1.23456790123457,-1445.45454545454,-1263.63636363636,303.389830508475,-10900,340.506329113924,360.869565217391,0,0,1004.76572483979,0.12,0.04,0.1,0.26,109,5,3,1,6.3,6.867,8.9271,0.12,0.03,0.05,0.2,110,4,2,1,4.9,5.39,4.312,0.19,0.04,0.13,0.36,115,5,2,1,5.6,6.44,11.592,0.18,0.03,0.12,0.33,112,5,4,1,7,7.84,12.936,17.0569,20.01797,20.272,57.34687,36.3333333333333,12.25,44,29.8333333333333,-72.8395061728395,1.23456790123457,-1445.45454545454,-614.285714285714,344.897959183673,-10900,340.506329113924,346.376811594203,0,0,1031.7810998918
30,G ClgT,0.16,0.09,0.01,0.26,98,3,3,1,4.9,4.802,3.74556,0.16,0.09,0.01,0.26,100,3,3,1,4.9,4.9,3.822,0.16,0.09,0.01,0.26,100,3,3,1,4.9,4.9,3.822,0.16,0.09,0.01,0.26,100,3,3,1,4.9,4.9,3.822,13.6514,12.911892,8.1382,34.701492,61.3125,61.3125,61.3125,61.3125,-143.90243902439,-143.90243902439,-143.90243902439,-143.90243902439,-412.19512195122,-412.19512195122,-412.19512195122,-412.19512195122,245.25,0,0,0.16,0.09,0.01,0.26,99,3,3,1,4.9,4.851,3.78378,0.16,0.09,0.01,0.26,100,3,3,1,4.9,4.9,3.822,0.16,0.09,0.01,0.26,100,3,3,1,4.9,4.9,3.822,0.16,0.09,0.01,0.26,100,3,3,1,4.9,4.9,3.822,13.6857,12.938646,8.1382,34.762546,61.3125,61.3125,61.3125,61.3125,-143.90243902439,-143.90243902439,-143.90243902439,-143.90243902439,-412.19512195122,-412.19512195122,-412.19512195122,-412.19512195122,245.25,0,0,0.15,0.08,0.02,0.25,105,3,3,1,4.9,5.145,3.85875,0.16,0.09,0.01,0.26,100,3,3,1,4.9,4.9,3.822,0.14,0.06,0.01,0.21,100,3,2,1,4.2,4.2,2.646,0.16,0.09,0.01,0.26,101,3,3,1,4.9,4.949,3.86022,13.4015,12.535425,7.341754,33.278679,52.8,61.3125,25.2857142857143,61.3125,-96.078431372549,-143.90243902439,-14.7540983606558,-143.90243902439,-512.903225806452,-412.19512195122,-290.243902439024,-412.19512195122,122.625,0,0,0.14,0.06,0.02,0.22,105,3,3,1,4.9,5.145,3.3957,0.15,0.07,0.02,0.24,99,3,3,1,4.9,4.851,3.49272,0.14,0.06,0.01,0.21,100,3,2,1,4.2,4.2,2.646,0.16,0.09,0.01,0.26,101,3,3,1,4.9,4.949,3.86022,13.4015,12.17699,7.104258,32.682748,29.5714285714286,41.5333333333333,25.2857142857143,61.3125,-31.1475409836066,-76.470588235294,-14.7540983606558,-143.90243902439,-416.129032258065,-480.645161290323,-290.243902439024,-412.19512195122,61.3125,0,0
