,Device,1st ,2nd ,5th ,OA,T,Particul,Vis,WTR,PVW Comp,OT Comp,OOT Comp,1st ,2nd ,5th ,OA,T,Particul,Vis,WTR,PVW Comp,OT Comp,OOT Comp,1st ,2nd ,5th ,OA,T,Particul,Vis,WTR,PVW Comp,OT Comp,OOT Comp,1st ,2nd ,5th ,OA,T,Particul,Vis,WTR,PVW Comp,OT Comp,OOT Comp,PVW CC,OT CC,OOT CC,CC,A12ratio,B12ratio,C12ratio,D12ratio,A1BAL,B1BAL,C1BAL,D1BAL,A5ratio,B5ratio,C5ratio,D5ratio,12comp,BalComp,5comp,1st ,2nd ,5th ,OA,T,Particul,Vis,WTR,PVW Comp,OT Comp,OOT Comp,1st ,2nd ,5th ,OA,T,Particul,Vis,WTR,PVW Comp,OT Comp,OOT Comp,1st ,2nd ,5th ,OA,T,Particul,Vis,WTR,PVW Comp,OT Comp,OOT Comp,1st ,2nd ,5th ,OA,T,Particul,Vis,WTR,PVW Comp,OT Comp,OOT Comp,PVW CC,OT CC,OOT CC,CC,A12ratio,B12ratio,C12ratio,D12ratio,A1BAL,B1BAL,C1BAL,D1BAL,A5ratio,B5ratio,C5ratio,D5ratio,12comp,BalComp,5comp,1st ,2nd ,5th ,OA,T,Particul,Vis,WTR,PVW Comp,OT Comp,OOT Comp,1st ,2nd ,5th ,OA,T,Particul,Vis,WTR,PVW Comp,OT Comp,OOT Comp,1st ,2nd ,5th ,OA,T,Particul,Vis,WTR,PVW Comp,OT Comp,OOT Comp,1st ,2nd ,5th ,OA,T,Particul,Vis,WTR,PVW Comp,OT Comp,OOT Comp,PVW CC,OT CC,OOT CC,CC,A12ratio,B12ratio,C12ratio,D12ratio,A1BAL,B1BAL,C1BAL,D1BAL,A5ratio,B5ratio,C5ratio,D5ratio,12comp,BalComp,5comp,1st ,2nd ,5th ,OA,T,Particul,Vis,WTR,PVW Comp,OT Comp,OOT Comp,1st ,2nd ,5th ,OA,T,Particul,Vis,WTR,PVW Comp,OT Comp,OOT Comp,1st ,2nd ,5th ,OA,T,Particul,Vis,WTR,PVW Comp,OT Comp,OOT Comp,1st ,2nd ,5th ,OA,T,Particul,Vis,WTR,PVW Comp,OT Comp,OOT Comp,PVW CC,OT CC,OOT CC,CC,A12ratio,B12ratio,C12ratio,D12ratio,A1BAL,B1BAL,C1BAL,D1BAL,A5ratio,B5ratio,C5ratio,D5ratio,12comp,BalComp,5comp
0,A BF,0.19,0.01,0.002,0.202,95,5,3,1,6.3,5.985,6.04485,0.14,0.02,0.002,0.162,95,5,2,1,5.6,5.32,4.3092,0.12,0.03,0.05,0.2,95,5,2,1,5.6,5.32,5.32,0.13,0.03,0.03,0.19,95,5,2,1,5.6,5.32,5.054,15.9495,15.403395,10.37624,41.729135,2.68421052631579,1.57142857142857,12.25,9,-9.09090909090909,63.9344262295082,1.23456790123457,15.4929577464789,-226.530612244898,-144.897959183673,-10900,-471.428571428571,0,63.9344262295082,0,0.12,0.03,0.03,0.18,97,5,3,1,6.3,6.111,5.4999,0.12,0.03,0.01,0.16,95,5,2,1,5.6,5.32,4.256,0.14,0.02,0.002,0.162,95,5,2,1,5.6,5.32,4.3092,0.12,0.03,0.01,0.16,100,5,2,1,5.6,5.6,4.48,16.0377,15.21793,9.21564,40.47127,7.25,2.25,1.57142857142857,2.25,25.9259259259259,50.6172839506173,63.9344262295082,50.6172839506173,-423.809523809524,-168.292682926829,-144.897959183673,-168.292682926829,0,63.9344262295082,0,0.18,0.02,0.002,0.202,97,5,3,1,6.3,6.111,6.17211,0.19,0.01,0.002,0.202,100,5,2,1,5.6,5.6,5.656,0.17,0.02,0.002,0.192,95,5,2,1,5.6,5.32,5.1072,0.17,0.02,0.002,0.192,100,5,2,1,5.6,5.6,5.376,16.0377,15.884477,11.43044,43.352617,5.66666666666667,2.68421052631579,4.82352941176471,4.82352941176471,-4.76190476190463,-9.09090909090909,29.0322580645162,29.0322580645162,-226.530612244898,-226.530612244898,-206.122448979592,-206.122448979592,0,0,0,0.16,0.02,0.005,0.185,97,5,3,1,6.3,6.111,5.652675,0.19,0.01,0.002,0.202,100,5,2,1,5.6,5.6,5.656,0.17,0.02,0.002,0.192,95,5,2,1,5.6,5.32,5.1072,0.15,0.03,0.002,0.182,101,5,2,1,5.6,5.656,5.14696,16.0377,15.5600725,11.270112,42.8678845,4.25,2.68421052631579,4.82352941176471,6.2,39.0243902439025,-9.09090909090909,29.0322580645162,37.2549019607843,-204.347826086956,-226.530612244898,-206.122448979592,-185.714285714286,0,0,0
1,B BF,0.12,0.03,0.03,0.18,98,5,3,1,6.3,6.174,5.5566,0.12,0.03,0.04,0.19,110,4,3,1,5.6,6.16,4.6816,0.12,0.03,0.05,0.2,110,4,3,1,5.6,6.16,4.928,0.12,0.03,0.05,0.2,110,4,3,1,5.6,6.16,4.928,16.0818,16.82562,10.26032,43.16774,7.25,9.75,12.25,12.25,25.9259259259259,9.90990990990992,1.23456790123457,1.23456790123457,-423.809523809524,-900,-10900,-10900,0,0,0,0.13,0.03,0.03,0.19,98,5,3,1,6.3,6.174,5.8653,0.12,0.03,0.04,0.19,110,4,3,1,5.6,6.16,4.6816,0.13,0.03,0.05,0.21,110,4,3,1,5.6,6.16,5.1744,0.12,0.03,0.05,0.2,110,4,3,1,5.6,6.16,4.928,16.0818,17.04171,10.4328,43.55631,9,9.75,13.6153846153846,12.25,15.4929577464789,9.90990990990992,-12.6760563380282,1.23456790123457,-471.428571428571,-900,-11900,-10900,0,0,0,0.13,0.03,0.03,0.19,98,5,3,1,6.3,6.174,5.8653,0.12,0.03,0.04,0.19,110,4,3,1,5.6,6.16,4.6816,0.13,0.03,0.05,0.21,110,4,3,1,5.6,6.16,5.1744,0.12,0.03,0.05,0.2,110,4,3,1,5.6,6.16,4.928,16.0818,17.04171,10.4328,43.55631,9,9.75,13.6153846153846,12.25,15.4929577464789,9.90990990990992,-12.6760563380282,1.23456790123457,-471.428571428571,-900,-11900,-10900,0,0,0,0.12,0.03,0.03,0.18,98,5,3,1,6.3,6.174,5.5566,0.12,0.03,0.04,0.19,110,4,3,1,5.6,6.16,4.6816,0.13,0.03,0.05,0.21,110,4,3,1,5.6,6.16,5.1744,0.12,0.03,0.05,0.2,110,4,3,1,5.6,6.16,4.928,16.0818,16.82562,10.4328,43.34022,7.25,9.75,13.6153846153846,12.25,25.9259259259259,9.90990990990992,-12.6760563380282,1.23456790123457,-423.809523809524,-900,-11900,-10900,0,0,0
2,C BF,0.13,0.03,0.03,0.19,90,5,3,1,6.3,5.67,5.3865,0.12,0.03,0.03,0.18,110,5,3,1,6.3,6.93,6.237,0.14,0.03,0.03,0.2,115,5,3,1,6.3,7.245,7.245,0.14,0.03,0.03,0.2,115,5,3,1,6.3,7.245,7.245,17.199,18.76455,14.5929,50.55645,9,7.25,10.5,10.5,15.4929577464789,25.9259259259259,1.63934426229508,1.63934426229508,-471.428571428571,-423.809523809524,-519.047619047619,-519.047619047619,0,0,0,0.12,0.03,0.04,0.19,90,5,3,1,6.3,5.67,5.3865,0.12,0.03,0.03,0.18,110,5,3,1,6.3,6.93,6.237,0.14,0.04,0.03,0.21,115,5,3,1,6.3,7.245,7.60725,0.14,0.03,0.03,0.2,115,5,3,1,6.3,7.245,7.245,17.199,18.76455,14.846475,50.810025,9.75,7.25,16.8571428571429,10.5,13.5802469135803,25.9259259259259,-14.7540983606558,1.63934426229508,-900,-423.809523809524,-566.666666666667,-519.047619047619,0,0,0,0.12,0.03,0.04,0.19,90,5,3,1,6.3,5.67,5.3865,0.12,0.03,0.03,0.18,110,5,3,1,6.3,6.93,6.237,0.14,0.04,0.03,0.21,115,5,3,1,6.3,7.245,7.60725,0.14,0.03,0.03,0.2,115,5,3,1,6.3,7.245,7.245,17.199,18.76455,14.846475,50.810025,9.75,7.25,16.8571428571429,10.5,13.5802469135803,25.9259259259259,-14.7540983606558,1.63934426229508,-900,-423.809523809524,-566.666666666667,-519.047619047619,0,0,0,0.12,0.03,0.03,0.18,90,5,3,1,6.3,5.67,5.103,0.12,0.03,0.03,0.18,110,5,3,1,6.3,6.93,6.237,0.13,0.03,0.05,0.21,115,5,3,1,6.3,7.245,7.60725,0.14,0.03,0.03,0.2,115,5,3,1,6.3,7.245,7.245,17.199,18.5661,14.846475,50.611575,7.25,7.25,13.6153846153846,10.5,25.9259259259259,25.9259259259259,-12.6760563380282,1.63934426229508,-423.809523809524,-423.809523809524,-11900,-519.047619047619,0,0,0
3,D BF,0.12,0.03,0.03,0.18,92,5,3,1,6.3,5.796,5.2164,0.12,0.03,0.05,0.2,115,5,2,1,5.6,6.44,6.44,0.12,0.03,0.05,0.2,119,5,2,1,5.6,6.664,6.664,0.15,0.12,0.005,0.275,110,5,3,2,7,7.7,10.5875,16.7972,18.21428,16.66805,51.67953,7.25,12.25,12.25,99.2,25.9259259259259,1.23456790123457,1.23456790123457,-145.098039215686,-423.809523809524,-10900,-10900,-400,99.2,0,0,0.12,0.03,0.03,0.18,94,4,3,1,5.6,5.264,3.79008,0.12,0.03,0.01,0.16,115,5,2,1,5.6,6.44,5.152,0.13,0.03,0.05,0.21,110,6,2,1,6.3,6.93,8.7318,0.12,0.03,0.01,0.16,111,5,3,2,7,7.77,6.216,16.9148,17.451056,14.15386,48.519716,7.25,2.25,13.6153846153846,2.25,25.9259259259259,50.6172839506173,-12.6760563380282,50.6172839506173,-423.809523809524,-168.292682926829,-11900,-168.292682926829,0,0,0,0.17,0.13,0.005,0.305,94,4,3,1,5.6,5.264,6.42208,0.21,0.14,0.008,0.358,110,5,4,1,7,7.7,13.783,0.21,0.17,0.01,0.39,110,6,2,1,6.3,6.93,16.2162,0.14,0.06,0.008,0.208,111,5,3,2,7,7.77,8.0808,17.8948,20.175456,26.803,64.873256,117.764705882353,138,193.476190476191,24.4285714285714,-335.483870967742,1744.44444444445,2100,-11.4754098360656,-465.217391304348,-620.930232558139,-729.268292682927,-272.093023255814,449.240896358544,3844.44444444445,0,0.14,0.03,0.01,0.18,98,5,3,1,6.3,6.174,5.5566,0.14,0.04,0.01,0.19,114,5,4,1,7,7.98,7.581,0.14,0.03,0.01,0.18,110,6,2,1,6.3,6.93,7.4844,0.13,0.06,0.008,0.198,111,5,3,2,7,7.77,7.6923,18.5318,19.76562,16.02839,54.32581,6.21428571428572,11.1428571428571,6.21428571428572,21.6923076923077,34.4262295081967,18.0327868852459,34.4262295081967,4.22535211267606,-217.073170731707,-241.463414634146,-217.073170731707,-248.837209302326,0,0,0
4,A Con,0.12,0.03,0.03,0.18,110,5,2,1,5.6,6.16,5.544,0.12,0.03,0.03,0.18,115,4,2,1,4.9,5.635,4.0572,0.13,0.03,0.03,0.19,119,4,2,1,4.9,5.831,4.43156,0.13,0.03,0.03,0.19,119,4,2,1,4.9,5.831,4.43156,14.602,15.9887,9.128224,39.718924,7.25,7.25,9,9,25.9259259259259,25.9259259259259,15.4929577464789,15.4929577464789,-423.809523809524,-423.809523809524,-471.428571428571,-471.428571428571,0,0,0,0.12,0.03,0.03,0.18,109,5,2,1,5.6,6.104,5.4936,0.12,0.03,0.03,0.18,115,4,2,1,4.9,5.635,4.0572,0.13,0.03,0.04,0.2,119,4,2,1,4.9,5.831,4.6648,0.13,0.03,0.03,0.19,119,4,2,1,4.9,5.831,4.43156,14.5628,15.95342,9.291492,39.807712,7.25,7.25,11.3076923076923,9,25.9259259259259,25.9259259259259,1.40845070422535,15.4929577464789,-423.809523809524,-423.809523809524,-990.909090909091,-471.428571428571,0,0,0,0.12,0.04,0.03,0.19,109,5,2,1,5.6,6.104,5.7988,0.12,0.03,0.03,0.18,115,4,2,1,4.9,5.635,4.0572,0.13,0.03,0.04,0.2,119,4,2,1,4.9,5.831,4.6648,0.13,0.03,0.03,0.19,119,4,2,1,4.9,5.831,4.43156,14.5628,16.16706,9.291492,40.021352,13,7.25,11.3076923076923,9,13.5802469135803,25.9259259259259,1.40845070422535,15.4929577464789,-471.428571428571,-423.809523809524,-990.909090909091,-471.428571428571,0,0,0,0.12,0.04,0.03,0.19,109,5,2,1,5.6,6.104,5.7988,0.12,0.03,0.03,0.18,113,5,2,1,5.6,6.328,5.6952,0.13,0.03,0.04,0.2,119,4,2,1,4.9,5.831,4.6648,0.13,0.04,0.03,0.2,119,4,2,1,4.9,5.831,4.6648,15.0528,16.65216,10.60136,42.30632,13,7.25,11.3076923076923,15.0769230769231,13.5802469135803,25.9259259259259,1.40845070422535,1.40845070422535,-471.428571428571,-423.809523809524,-990.909090909091,-519.047619047619,0,0,0
5,B Con,0.12,0.02,0.03,0.17,110,3,3,1,4.9,5.39,2.7489,0.12,0.04,0.03,0.19,115,5,3,2,7,8.05,7.6475,0.12,0.03,0.03,0.18,115,5,3,2,7,8.05,7.245,0.12,0.03,0.03,0.18,115,5,3,2,7,8.05,7.245,18.473,18.82923,15.58025,52.88248,3.16666666666667,13,7.25,7.25,38.2716049382716,13.5802469135803,25.9259259259259,25.9259259259259,-376.190476190476,-471.428571428571,-423.809523809524,-423.809523809524,0,0,0,0.12,0.02,0.03,0.17,110,3,3,1,4.9,5.39,2.7489,0.12,0.04,0.03,0.19,115,5,3,2,7,8.05,7.6475,0.13,0.03,0.03,0.19,114,5,3,2,7,7.98,7.581,0.12,0.03,0.03,0.18,120,5,3,2,7,8.4,7.56,18.473,19.02523,16.03595,53.53418,3.16666666666667,13,9,7.25,38.2716049382716,13.5802469135803,15.4929577464789,25.9259259259259,-376.190476190476,-471.428571428571,-471.428571428571,-423.809523809524,0,0,0,0.13,0.02,0.03,0.18,110,3,3,1,4.9,5.39,2.9106,0.12,0.04,0.03,0.19,113,5,3,2,7,7.91,7.5145,0.13,0.03,0.03,0.19,114,5,3,2,7,7.98,7.581,0.12,0.03,0.03,0.18,120,5,3,2,7,8.4,7.56,18.473,19.04042,15.94285,53.45627,4.46153846153846,13,9,7.25,29.5774647887324,13.5802469135803,15.4929577464789,25.9259259259259,-423.809523809524,-471.428571428571,-471.428571428571,-423.809523809524,0,0,0,0.13,0.02,0.03,0.18,110,4,3,1,5.6,6.16,4.4352,0.12,0.04,0.03,0.19,112,5,3,2,7,7.84,7.448,0.13,0.03,0.03,0.19,114,5,3,2,7,7.98,7.581,0.12,0.03,0.03,0.18,120,5,3,2,7,8.4,7.56,19.012,20.05864,15.8963,54.96694,4.46153846153846,13,9,7.25,29.5774647887324,13.5802469135803,15.4929577464789,25.9259259259259,-423.809523809524,-471.428571428571,-471.428571428571,-423.809523809524,0,0,0
6,C Con,0.12,0.03,0.01,0.16,110,5,3,1,6.3,6.93,5.544,0.12,0.03,0.01,0.16,110,5,3,1,6.3,6.93,5.544,0.14,0.03,0.01,0.18,120,5,3,1,6.3,7.56,6.804,0.14,0.03,0.01,0.18,120,5,3,1,6.3,7.56,6.804,18.081,19.3158,13.4904,50.8872,2.25,2.25,6.21428571428572,6.21428571428572,50.6172839506173,50.6172839506173,34.4262295081967,34.4262295081967,-168.292682926829,-168.292682926829,-217.073170731707,-217.073170731707,0,0,0,0.13,0.03,0.01,0.17,110,4,3,1,5.6,6.16,4.1888,0.12,0.03,0.01,0.16,115,5,3,1,6.3,7.245,5.796,0.14,0.03,0.01,0.18,120,5,3,1,6.3,7.56,6.804,0.14,0.03,0.01,0.18,120,5,3,1,6.3,7.56,6.804,17.542,18.58766,13.6668,49.79646,4.38461538461539,2.25,6.21428571428572,6.21428571428572,43.6619718309859,50.6172839506173,34.4262295081967,34.4262295081967,-192.682926829268,-168.292682926829,-217.073170731707,-217.073170731707,0,0,0,0.13,0.03,0.01,0.17,110,4,3,1,5.6,6.16,4.1888,0.12,0.03,0.01,0.16,115,5,3,1,6.3,7.245,5.796,0.14,0.03,0.01,0.18,120,5,3,1,6.3,7.56,6.804,0.14,0.03,0.01,0.18,120,5,3,1,6.3,7.56,6.804,17.542,18.58766,13.6668,49.79646,4.38461538461539,2.25,6.21428571428572,6.21428571428572,43.6619718309859,50.6172839506173,34.4262295081967,34.4262295081967,-192.682926829268,-168.292682926829,-217.073170731707,-217.073170731707,0,0,0,0.13,0.03,0.01,0.17,110,4,3,1,5.6,6.16,4.1888,0.12,0.03,0.01,0.16,115,4,3,1,5.6,6.44,4.1216,0.14,0.03,0.01,0.18,120,5,3,1,6.3,7.56,6.804,0.14,0.03,0.01,0.18,121,5,3,1,6.3,7.623,6.8607,17.052,18.06826,12.53441,47.65467,4.38461538461539,2.25,6.21428571428572,6.21428571428572,43.6619718309859,50.6172839506173,34.4262295081967,34.4262295081967,-192.682926829268,-168.292682926829,-217.073170731707,-217.073170731707,0,0,0
7,D Con,0.12,0.04,0.02,0.18,115,4,3,1,5.6,6.44,4.6368,0.15,0.05,0.01,0.21,110,4,3,1,5.6,6.16,5.1744,0.12,0.03,0.05,0.2,115,4,3,1,5.6,6.44,5.152,0.15,0.1,0.01,0.26,117,4,2,1,4.9,5.733,5.96232,15.778,16.07886,11.507104,43.363964,9.66666666666667,19.6666666666667,12.25,72.6666666666667,25.9259259259259,-17.6470588235294,1.23456790123457,-115.686274509804,-287.096774193548,-290.243902439024,-10900,-412.19512195122,72.6666666666667,0,0,0.12,0.03,0.03,0.18,119,4,3,1,5.6,6.664,4.79808,0.12,0.03,0.01,0.16,115,4,3,1,5.6,6.44,4.1216,0.13,0.03,0.05,0.21,115,4,3,1,5.6,6.44,5.4096,0.15,0.07,0.01,0.23,117,4,2,1,4.9,5.733,5.27436,15.9348,16.387756,10.447892,42.770448,7.25,2.25,13.6153846153846,36.8666666666667,25.9259259259259,50.6172839506173,-12.6760563380282,-56.8627450980391,-423.809523809524,-168.292682926829,-11900,-339.024390243902,0,0,0,0.16,0.08,0.005,0.245,119,4,3,1,5.6,6.664,6.53072,0.16,0.09,0.03,0.28,115,5,3,1,6.3,7.245,10.143,0.14,0.008,0.03,0.178,115,4,3,1,5.6,6.44,4.58528,0.14,0.06,0.01,0.21,121,4,2,1,4.9,5.929,4.98036,16.4248,18.301304,13.908048,48.634152,47,72.5625,1.54285714285714,25.2857142857143,-107.317073170732,-192.682926829268,37.7049180327869,-14.7540983606558,-334.782608695652,-900,-414.285714285714,-290.243902439024,72.5625,0,0,0.16,0.09,0.009,0.259,119,4,3,1,5.6,6.664,6.903904,0.15,0.09,0.03,0.27,116,5,3,1,6.3,7.308,9.8658,0.14,0.06,0.03,0.23,115,4,3,1,5.6,6.44,5.9248,0.13,0.05,0.02,0.2,121,4,2,1,4.9,5.929,4.7432,16.4248,18.6066328,14.47866,49.5100928,60.75,71.4,33.8571428571429,18.8461538461539,-141.463414634146,-135.294117647059,-47.5409836065574,1.40845070422535,-400,-852.380952380952,-661.904761904762,-351.612903225806,132.15,0,0
8,A ClgW,0.12,0.03,0.03,0.18,120,5,3,1,6.3,7.56,6.804,0.14,0.03,0.03,0.2,110,4,2,1,4.9,5.39,4.312,0.12,0.03,0.03,0.18,118,4,2,1,4.9,5.782,4.16304,0.12,0.03,0.03,0.18,118,4,2,1,4.9,5.782,4.16304,15.582,16.6306,8.944656,41.157256,7.25,10.5,7.25,7.25,25.9259259259259,1.63934426229508,25.9259259259259,25.9259259259259,-423.809523809524,-519.047619047619,-423.809523809524,-423.809523809524,0,0,0,0.12,0.03,0.03,0.18,120,5,3,1,6.3,7.56,6.804,0.14,0.03,0.03,0.2,120,4,2,1,4.9,5.88,4.704,0.12,0.03,0.03,0.18,118,4,2,1,4.9,5.782,4.16304,0.12,0.03,0.03,0.18,118,5,2,1,5.6,6.608,5.9472,16.072,17.5518,10.467968,44.091768,7.25,10.5,7.25,7.25,25.9259259259259,1.63934426229508,25.9259259259259,25.9259259259259,-423.809523809524,-519.047619047619,-423.809523809524,-423.809523809524,0,0,0,0.12,0.03,0.03,0.18,120,5,2,1,5.6,6.72,6.048,0.14,0.03,0.03,0.2,120,4,2,1,4.9,5.88,4.704,0.12,0.03,0.03,0.18,118,4,2,1,4.9,5.782,4.16304,0.12,0.03,0.03,0.18,118,5,2,1,5.6,6.608,5.9472,15.484,17.0226,10.467968,42.974568,7.25,10.5,7.25,7.25,25.9259259259259,1.63934426229508,25.9259259259259,25.9259259259259,-423.809523809524,-519.047619047619,-423.809523809524,-423.809523809524,0,0,0,0.12,0.03,0.03,0.18,120,5,2,1,5.6,6.72,6.048,0.14,0.03,0.03,0.2,120,4,2,1,4.9,5.88,4.704,0.12,0.03,0.03,0.18,118,4,2,1,4.9,5.782,4.16304,0.12,0.03,0.03,0.18,121,5,2,1,5.6,6.776,6.0984,15.484,17.1402,10.573808,43.198008,7.25,10.5,7.25,7.25,25.9259259259259,1.63934426229508,25.9259259259259,25.9259259259259,-423.809523809524,-519.047619047619,-423.809523809524,-423.809523809524,0,0,0
9,B ClgW,0.09,0.03,0.01,0.13,120,5,3,1,6.3,7.56,4.914,0.1,0.03,0.01,0.14,115,5,3,1,6.3,7.245,5.0715,0.1,0.04,0.01,0.15,120,5,3,1,6.3,7.56,5.67,0.1,0.04,0.01,0.15,120,5,3,1,6.3,7.56,5.67,18.522,19.0953,11.55805,49.17535,-7,-3.29999999999999,-0.399999999999989,-0.399999999999989,63.963963963964,60.3960396039604,50.4950495049505,50.4950495049505,-95.1219512195122,-119.512195121951,-143.90243902439,-143.90243902439,0,124.360003567924,0,0.09,0.03,0.01,0.13,121,5,4,2,7.7,9.317,6.05605,0.1,0.03,0.01,0.14,120,5,3,1,6.3,7.56,5.292,0.11,0.04,0.01,0.16,120,5,3,1,6.3,7.56,6.048,0.1,0.04,0.01,0.15,120,4,3,1,5.6,6.72,4.032,19.2619,19.527235,10.8304,49.619535,-7,-3.29999999999999,3.27272727272728,-0.399999999999989,63.963963963964,60.3960396039604,45.0549450549451,50.4950495049505,-95.1219512195122,-119.512195121951,-168.292682926829,-143.90243902439,0,124.360003567924,0,0.11,0.03,0.01,0.15,121,5,4,1,7,8.47,6.3525,0.1,0.03,0.01,0.14,120,5,3,1,6.3,7.56,5.292,0.11,0.04,0.01,0.16,120,5,3,1,6.3,7.56,6.048,0.1,0.04,0.01,0.15,121,4,3,1,5.6,6.776,4.0656,18.669,19.77395,10.85392,49.29687,-0.272727272727273,-3.29999999999999,3.27272727272728,-0.399999999999989,56.0439560439561,60.3960396039604,45.0549450549451,50.4950495049505,-143.90243902439,-119.512195121951,-168.292682926829,-143.90243902439,0,60.3960396039604,0,0.11,0.03,0.01,0.15,121,5,4,1,7,8.47,6.3525,0.1,0.03,0.01,0.14,120,5,2,1,5.6,6.72,4.704,0.11,0.04,0.01,0.16,120,5,3,1,6.3,7.56,6.048,0.1,0.04,0.01,0.15,121,4,3,1,5.6,6.776,4.0656,18.179,19.18595,10.44232,47.80727,-0.272727272727273,-3.29999999999999,3.27272727272728,-0.399999999999989,56.0439560439561,60.3960396039604,45.0549450549451,50.4950495049505,-143.90243902439,-119.512195121951,-168.292682926829,-143.90243902439,0,60.3960396039604,0
10,C ClgW,0.12,0.03,0.01,0.16,125,4,3,1,5.6,7,4.48,0.12,0.03,0.01,0.16,115,4,2,1,4.9,5.635,3.6064,0.12,0.03,0.01,0.16,119,4,2,1,4.9,5.831,3.73184,0.12,0.03,0.01,0.16,119,4,2,1,4.9,5.831,3.73184,15.19,15.2439,7.833056,38.266956,2.25,2.25,2.25,2.25,50.6172839506173,50.6172839506173,50.6172839506173,50.6172839506173,-168.292682926829,-168.292682926829,-168.292682926829,-168.292682926829,0,0,0,0.12,0.03,0.01,0.16,125,4,3,1,5.6,7,4.48,0.12,0.03,0.01,0.16,125,4,2,1,4.9,6.125,3.92,0.12,0.03,0.02,0.17,118,4,2,1,4.9,5.782,3.93176,0.12,0.03,0.01,0.16,119,4,2,1,4.9,5.831,3.73184,15.19,15.5526,8.19252,38.93512,2.25,2.25,4.75,2.25,50.6172839506173,50.6172839506173,38.2716049382716,50.6172839506173,-168.292682926829,-168.292682926829,-254.838709677419,-168.292682926829,0,0,0,0.12,0.03,0.01,0.16,120,4,3,1,5.6,6.72,4.3008,0.12,0.03,0.01,0.16,125,4,2,1,4.9,6.125,3.92,0.12,0.03,0.02,0.17,118,4,2,1,4.9,5.782,3.93176,0.12,0.03,0.01,0.16,119,4,2,1,4.9,5.831,3.73184,14.994,15.42716,8.19252,38.61368,2.25,2.25,4.75,2.25,50.6172839506173,50.6172839506173,38.2716049382716,50.6172839506173,-168.292682926829,-168.292682926829,-254.838709677419,-168.292682926829,0,0,0,0.12,0.03,0.01,0.16,120,4,3,1,5.6,6.72,4.3008,0.12,0.03,0.01,0.16,125,4,2,1,4.9,6.125,3.92,0.12,0.03,0.02,0.17,118,4,2,1,4.9,5.782,3.93176,0.12,0.03,0.01,0.16,119,4,2,1,4.9,5.831,3.73184,14.994,15.42716,8.19252,38.61368,2.25,2.25,4.75,2.25,50.6172839506173,50.6172839506173,38.2716049382716,50.6172839506173,-168.292682926829,-168.292682926829,-254.838709677419,-168.292682926829,0,0,0
11,D ClgW,0.13,0.01,0.03,0.17,125,5,3,1,6.3,7.875,6.69375,0.15,0.01,0.05,0.21,115,5,3,1,6.3,7.245,7.60725,0.14,0.05,0.01,0.2,125,5,3,1,6.3,7.875,7.875,0.13,0.03,0.03,0.19,123,4,3,1,5.6,6.888,5.23488,18.2525,20.091225,14.606991,52.950716,1.46153846153846,3.93333333333333,17.5,9,43.6619718309859,-17.6470588235294,1.63934426229508,15.4929577464789,-376.190476190476,-11900,-265.853658536585,-471.428571428571,0,0,0,0.15,0.01,0.1,0.26,125,5,3,1,6.3,7.875,10.2375,0.12,0.03,0.01,0.16,125,5,3,1,6.3,7.875,6.3,0.14,0.03,0.01,0.18,125,4,3,1,5.6,7,5.04,0.16,0.06,0.13,0.35,123,4,3,1,5.6,6.888,9.6432,17.7625,22.40035,14.77224,54.93509,7.26666666666667,2.25,6.21428571428572,74.625,-115.686274509804,50.6172839506173,34.4262295081967,-363.414634146341,344.897959183673,-168.292682926829,-217.073170731707,327.848101265823,74.625,0,672.746060449496,0.15,0.02,0.11,0.28,125,4,3,1,5.6,7,7.84,0.15,0.04,0.04,0.23,120,5,3,1,6.3,7.56,8.694,0.14,0.05,0.03,0.22,125,5,3,1,6.3,7.875,8.6625,0.15,0.06,0.12,0.33,121,4,3,1,5.6,6.776,8.94432,17.64,21.0357,18.515574,57.191274,17.2,21.0666666666667,24.6428571428572,71.6,-154.901960784314,-56.8627450980391,-31.1475409836066,-252.941176470588,320.338983050848,-1263.63636363636,-614.285714285714,346.376811594203,71.6,0,666.71579464505,0.14,0.04,0.09,0.27,125,4,3,1,5.6,7,7.56,0.15,0.04,0.05,0.24,120,4,3,1,5.6,6.72,6.4512,0.14,0.05,0.03,0.22,125,5,3,1,6.3,7.875,8.6625,0.14,0.06,0.05,0.25,121,5,4,1,7,8.47,10.5875,18.13,21.4375,18.09584,57.66334,34,23.7333333333333,24.6428571428572,42.4285714285714,-113.114754098361,-76.470588235294,-31.1475409836066,-80.327868852459,458.974358974359,-14900,-614.285714285714,-15900,0,0,458.974358974359
12,A Bstr0,0.12,0.03,0.03,0.18,125,5,3,1,6.3,7.875,7.0875,0.12,0.03,0.03,0.18,115,4,3,1,5.6,6.44,4.6368,0.13,0.04,0.03,0.2,125,4,3,1,5.6,7,5.6,0.13,0.04,0.03,0.2,125,4,3,1,5.6,7,5.6,17.2725,19.26925,11.16976,47.71151,7.25,7.25,15.0769230769231,15.0769230769231,25.9259259259259,25.9259259259259,1.40845070422535,1.40845070422535,-423.809523809524,-423.809523809524,-519.047619047619,-519.047619047619,0,0,0,0.12,0.03,0.03,0.18,125,5,3,1,6.3,7.875,7.0875,0.12,0.03,0.03,0.18,99,4,3,1,5.6,5.544,3.99168,0.14,0.03,0.01,0.18,125,4,3,1,5.6,7,5.04,0.13,0.04,0.03,0.2,122,4,3,1,5.6,6.832,5.4656,17.2725,18.52445,10.232096,46.029046,7.25,7.25,6.21428571428572,15.0769230769231,25.9259259259259,25.9259259259259,34.4262295081967,1.40845070422535,-423.809523809524,-423.809523809524,-217.073170731707,-519.047619047619,0,0,0,0.12,0.03,0.03,0.18,126,5,3,2,7,8.82,7.938,0.12,0.03,0.03,0.18,125,4,3,2,6.3,7.875,5.67,0.13,0.04,0.03,0.2,125,4,3,1,5.6,7,5.6,0.13,0.04,0.03,0.2,122,4,3,1,5.6,6.832,5.4656,18.424,20.7515,11.79892,50.97442,7.25,7.25,15.0769230769231,15.0769230769231,25.9259259259259,25.9259259259259,1.40845070422535,1.40845070422535,-423.809523809524,-423.809523809524,-519.047619047619,-519.047619047619,0,0,0,0.12,0.03,0.03,0.18,126,5,3,2,7,8.82,7.938,0.12,0.03,0.03,0.18,125,4,3,2,6.3,7.875,5.67,0.13,0.04,0.03,0.2,125,4,3,1,5.6,7,5.6,0.13,0.04,0.03,0.2,122,4,3,1,5.6,6.832,5.4656,18.424,20.7515,11.79892,50.97442,7.25,7.25,15.0769230769231,15.0769230769231,25.9259259259259,25.9259259259259,1.40845070422535,1.40845070422535,-423.809523809524,-423.809523809524,-519.047619047619,-519.047619047619,0,0,0
13,B Bstr0,0.15,0.03,0.01,0.19,125,5,3,1,6.3,7.875,7.48125,0.15,0.03,0.01,0.19,125,5,3,1,6.3,7.875,7.48125,0.14,0.03,0.01,0.18,120,5,3,1,6.3,7.56,6.804,0.14,0.03,0.01,0.18,120,5,3,1,6.3,7.56,6.804,18.7425,21.333375,14.867475,54.94335,7.8,7.8,6.21428571428572,6.21428571428572,21.5686274509804,21.5686274509804,34.4262295081967,34.4262295081967,-241.463414634146,-241.463414634146,-217.073170731707,-217.073170731707,0,0,0,0.15,0.03,0.01,0.19,90,5,3,1,6.3,5.67,5.3865,0.15,0.03,0.01,0.19,98,5,3,1,6.3,6.174,5.8653,0.14,0.03,0.01,0.18,121,5,3,1,6.3,7.623,6.8607,0.14,0.03,0.01,0.18,120,5,3,1,6.3,7.56,6.804,17.199,18.72045,13.776,49.69545,7.8,7.8,6.21428571428572,6.21428571428572,21.5686274509804,21.5686274509804,34.4262295081967,34.4262295081967,-241.463414634146,-241.463414634146,-217.073170731707,-217.073170731707,0,0,0,0.15,0.03,0.01,0.19,120,4,2,1,4.9,5.88,4.4688,0.15,0.03,0.01,0.19,125,5,3,1,6.3,7.875,7.48125,0.14,0.03,0.01,0.18,121,5,3,2,7,8.47,7.623,0.14,0.03,0.01,0.18,120,5,3,1,6.3,7.56,6.804,17.836,19.86166,15.440775,53.138435,7.8,7.8,6.21428571428572,6.21428571428572,21.5686274509804,21.5686274509804,34.4262295081967,34.4262295081967,-241.463414634146,-241.463414634146,-217.073170731707,-217.073170731707,0,0,0,0.15,0.03,0.01,0.19,120,4,2,1,4.9,5.88,4.4688,0.15,0.03,0.01,0.19,125,5,3,1,6.3,7.875,7.48125,0.14,0.03,0.01,0.18,121,5,3,2,7,8.47,7.623,0.14,0.03,0.01,0.18,118,5,3,1,6.3,7.434,6.6906,17.836,19.77346,15.361395,52.970855,7.8,7.8,6.21428571428572,6.21428571428572,21.5686274509804,21.5686274509804,34.4262295081967,34.4262295081967,-241.463414634146,-241.463414634146,-217.073170731707,-217.073170731707,0,0,0
14,C Bstr0,0.12,0.03,0.01,0.16,95,4,2,2,5.6,5.32,3.4048,0.15,0.03,0.01,0.19,130,5,4,2,7.7,10.01,9.5095,0.15,0.03,0.01,0.19,115,4,3,2,6.3,7.245,5.5062,0.13,0.04,0.02,0.19,117,4,3,2,6.3,7.371,5.60196,17.934,19.62156,14.537362,52.092922,2.25,7.8,7.8,12,50.6172839506173,21.5686274509804,21.5686274509804,15.4929577464789,-168.292682926829,-241.463414634146,-241.463414634146,-319.354838709677,0,0,0,0.12,0.04,0.01,0.17,94,4,2,2,5.6,5.264,3.57952,0.15,0.04,0.01,0.2,99,6,5,2,9.1,9.009,10.8108,0.15,0.03,0.01,0.19,115,5,3,2,7,8.05,7.6475,0.13,0.04,0.02,0.19,117,4,3,2,6.3,7.371,5.60196,19.3648,19.606664,16.947182,55.918646,6.33333333333333,13.0666666666667,7.8,12,38.2716049382716,1.96078431372549,21.5686274509804,15.4929577464789,-192.682926829268,-265.853658536585,-241.463414634146,-319.354838709677,0,0,0,0.11,0.04,0.01,0.16,100,5,2,2,6.3,6.3,5.04,0.15,0.05,0.03,0.23,131,6,5,2,9.1,11.921,16.45098,0.15,0.03,0.01,0.19,115,4,3,1,5.6,6.44,4.8944,0.13,0.04,0.02,0.19,117,4,3,2,6.3,7.371,5.60196,19.11,21.5404,18.968138,59.618538,3.27272727272728,26.3333333333333,7.8,12,45.0549450549451,-56.8627450980391,21.5686274509804,15.4929577464789,-168.292682926829,-661.904761904762,-241.463414634146,-319.354838709677,0,0,0,0.1,0.04,0.02,0.16,101,5,2,2,6.3,6.363,5.0904,0.13,0.05,0.04,0.22,129,6,5,2,9.1,11.739,15.49548,0.15,0.03,0.01,0.19,115,4,3,1,5.6,6.44,4.8944,0.13,0.04,0.02,0.19,117,4,3,2,6.3,7.371,5.60196,19.1541,21.44828,18.285288,58.887668,3.6,26.5384615384615,7.8,12,40.5940594059406,-26.7605633802817,21.5686274509804,15.4929577464789,-222.58064516129,-1172.72727272727,-241.463414634146,-319.354838709677,0,0,0
15,D Bstr0,0.14,0.03,0.03,0.2,110,5,3,1,6.3,6.93,6.93,0.16,0.03,0.03,0.22,110,5,2,1,5.6,6.16,6.776,0.12,0.03,0.05,0.2,110,5,2,1,5.6,6.16,6.16,0.16,0.03,0.03,0.22,110,5,2,1,5.6,6.16,6.776,16.611,17.787,13.9104,48.3084,10.5,12.9375,12.25,12.9375,1.63934426229508,-46.3414634146341,1.23456790123457,-46.3414634146341,-519.047619047619,-614.285714285714,-10900,-614.285714285714,0,0,0,0.15,0.03,0.03,0.21,109,5,3,1,6.3,6.867,7.21035,0.16,0.03,0.03,0.22,92,5,2,1,5.6,5.152,5.6672,0.14,0.03,0.01,0.18,111,5,2,1,5.6,6.216,5.5944,0.16,0.03,0.03,0.22,110,5,2,1,5.6,6.16,6.776,16.5669,17.316845,12.73832,46.622065,11.8,12.9375,6.21428571428572,12.9375,-17.6470588235294,-46.3414634146341,34.4262295081967,-46.3414634146341,-566.666666666667,-614.285714285714,-217.073170731707,-614.285714285714,0,0,0,0.15,0.03,0.03,0.21,110,5,3,1,6.3,6.93,7.2765,0.16,0.03,0.03,0.22,110,5,2,1,5.6,6.16,6.776,0.16,0.03,0.03,0.22,111,5,2,1,5.6,6.216,6.8376,0.16,0.03,0.03,0.22,111,5,2,1,5.6,6.216,6.8376,16.611,18.10795,14.42784,49.14679,11.8,12.9375,12.9375,12.9375,-17.6470588235294,-46.3414634146341,-46.3414634146341,-46.3414634146341,-566.666666666667,-614.285714285714,-614.285714285714,-614.285714285714,0,0,0,0.15,0.03,0.03,0.21,110,5,3,1,6.3,6.93,7.2765,0.16,0.03,0.03,0.22,110,5,2,1,5.6,6.16,6.776,0.16,0.03,0.03,0.22,111,5,2,1,5.6,6.216,6.8376,0.16,0.03,0.03,0.22,109,5,2,1,5.6,6.104,6.7144,16.611,18.02955,14.3416,48.98215,11.8,12.9375,12.9375,12.9375,-17.6470588235294,-46.3414634146341,-46.3414634146341,-46.3414634146341,-566.666666666667,-614.285714285714,-614.285714285714,-614.285714285714,0,0,0
16,A TurbO,0.12,0.03,0.01,0.16,110,5,3,1,6.3,6.93,5.544,0.12,0.03,0.01,0.16,110,4,3,2,6.3,6.93,4.4352,0.13,0.05,0.01,0.19,110,4,2,1,4.9,5.39,4.0964,0.12,0.05,0.01,0.18,110,4,3,2,6.3,6.93,4.9896,17.101,17.3558,9.54884,44.00564,2.25,2.25,15,12.0833333333333,50.6172839506173,50.6172839506173,15.4929577464789,25.9259259259259,-168.292682926829,-168.292682926829,-241.463414634146,-217.073170731707,0,0,0,0.12,0.03,0.01,0.16,110,5,3,1,6.3,6.93,5.544,0.12,0.03,0.01,0.16,110,4,3,2,6.3,6.93,4.4352,0.13,0.05,0.01,0.19,110,4,2,2,5.6,6.16,4.6816,0.12,0.05,0.01,0.18,110,4,3,2,6.3,6.93,4.9896,17.591,17.8948,9.95848,45.44428,2.25,2.25,15,12.0833333333333,50.6172839506173,50.6172839506173,15.4929577464789,25.9259259259259,-168.292682926829,-168.292682926829,-241.463414634146,-217.073170731707,0,0,0,0.12,0.03,0.01,0.16,110,5,3,1,6.3,6.93,5.544,0.12,0.03,0.01,0.16,99,4,3,2,6.3,6.237,3.99168,0.13,0.05,0.01,0.19,110,4,2,2,5.6,6.16,4.6816,0.12,0.05,0.01,0.18,110,4,3,2,6.3,6.93,4.9896,17.591,17.4097,9.648016,44.648716,2.25,2.25,15,12.0833333333333,50.6172839506173,50.6172839506173,15.4929577464789,25.9259259259259,-168.292682926829,-168.292682926829,-241.463414634146,-217.073170731707,0,0,0,0.12,0.03,0.01,0.16,111,5,3,1,6.3,6.993,5.5944,0.12,0.03,0.01,0.16,99,4,3,2,6.3,6.237,3.99168,0.13,0.05,0.01,0.19,110,4,2,2,5.6,6.16,4.6816,0.12,0.05,0.01,0.18,110,4,3,2,6.3,6.93,4.9896,17.6351,17.44498,9.648016,44.728096,2.25,2.25,15,12.0833333333333,50.6172839506173,50.6172839506173,15.4929577464789,25.9259259259259,-168.292682926829,-168.292682926829,-241.463414634146,-217.073170731707,0,0,0
17,B TurbO,0.12,0.09,0.03,0.24,110,3,2,1,4.2,4.62,3.3264,0.12,0.09,0.03,0.24,110,3,2,1,4.2,4.62,3.3264,0.12,0.09,0.03,0.24,99,5,3,2,7,6.93,8.316,0.12,0.09,0.03,0.24,99,3,2,1,4.2,4.158,2.99376,14.014,13.32408,10.329312,37.667392,66.75,66.75,66.75,66.75,-48.1481481481481,-48.1481481481481,-48.1481481481481,-48.1481481481481,-709.523809523809,-709.523809523809,-709.523809523809,-709.523809523809,267,0,0,0.12,0.09,0.03,0.24,110,3,2,1,4.2,4.62,3.3264,0.12,0.09,0.03,0.24,110,3,2,1,4.2,4.62,3.3264,0.12,0.09,0.03,0.24,95,4,2,1,4.9,4.655,4.4688,0.12,0.03,0.01,0.16,99,3,2,1,4.2,4.158,1.99584,12.544,11.73158,6.937728,31.213308,66.75,66.75,66.75,2.25,-48.1481481481481,-48.1481481481481,-48.1481481481481,50.6172839506173,-709.523809523809,-709.523809523809,-709.523809523809,-168.292682926829,200.25,0,0,0.12,0.09,0.03,0.24,110,3,2,1,4.2,4.62,3.3264,0.12,0.09,0.03,0.24,110,3,2,1,4.2,4.62,3.3264,0.12,0.09,0.03,0.24,95,4,2,1,4.9,4.655,4.4688,0.12,0.09,0.03,0.24,99,3,2,1,4.2,4.158,2.99376,12.544,11.73158,7.636272,31.911852,66.75,66.75,66.75,66.75,-48.1481481481481,-48.1481481481481,-48.1481481481481,-48.1481481481481,-709.523809523809,-709.523809523809,-709.523809523809,-709.523809523809,267,0,0,0.12,0.09,0.03,0.24,110,3,2,1,4.2,4.62,3.3264,0.12,0.09,0.03,0.24,110,3,2,1,4.2,4.62,3.3264,0.12,0.09,0.03,0.24,95,4,2,1,4.9,4.655,4.4688,0.12,0.09,0.03,0.24,109,3,2,1,4.2,4.578,3.29616,12.544,12.02558,7.847952,32.417532,66.75,66.75,66.75,66.75,-48.1481481481481,-48.1481481481481,-48.1481481481481,-48.1481481481481,-709.523809523809,-709.523809523809,-709.523809523809,-709.523809523809,267,0,0
18,C TurbO,0.12,0.03,0.01,0.16,115,5,3,1,6.3,7.245,5.796,0.12,0.03,0.01,0.16,115,5,2,1,5.6,6.44,5.152,0.12,0.04,0.01,0.17,115,5,3,1,6.3,7.245,6.15825,0.09,0.04,0.01,0.14,115,5,2,1,5.6,6.44,4.508,17.3215,18.1447,11.156775,46.622975,2.25,2.25,6.33333333333333,-4.88888888888888,50.6172839506173,50.6172839506173,38.2716049382716,54.954954954955,-168.292682926829,-168.292682926829,-192.682926829268,-119.512195121951,0,0,0,0.12,0.03,0.01,0.16,119,5,3,1,6.3,7.497,5.9976,0.12,0.03,0.01,0.16,115,5,2,1,5.6,6.44,5.152,0.12,0.04,0.01,0.17,115,5,2,1,5.6,6.44,5.474,0.09,0.04,0.01,0.14,115,5,2,1,5.6,6.44,4.508,17.0079,17.72232,10.6778,45.40802,2.25,2.25,6.33333333333333,-4.88888888888888,50.6172839506173,50.6172839506173,38.2716049382716,54.954954954955,-168.292682926829,-168.292682926829,-192.682926829268,-119.512195121951,0,0,0,0.12,0.03,0.01,0.16,115,5,3,1,6.3,7.245,5.796,0.12,0.03,0.01,0.16,115,5,2,1,5.6,6.44,5.152,0.12,0.04,0.01,0.17,115,5,3,1,6.3,7.245,6.15825,0.09,0.04,0.01,0.14,115,5,2,1,5.6,6.44,4.508,17.3215,18.1447,11.156775,46.622975,2.25,2.25,6.33333333333333,-4.88888888888888,50.6172839506173,50.6172839506173,38.2716049382716,54.954954954955,-168.292682926829,-168.292682926829,-192.682926829268,-119.512195121951,0,0,0,0.12,0.03,0.01,0.16,111,5,3,1,6.3,6.993,5.5944,0.12,0.03,0.01,0.16,115,5,2,1,5.6,6.44,5.152,0.12,0.04,0.01,0.17,115,5,3,1,6.3,7.245,6.15825,0.08,0.04,0.01,0.13,115,5,2,1,5.6,6.44,4.186,17.1451,18.00358,10.931375,46.080055,2.25,2.25,6.33333333333333,-10.5,50.6172839506173,50.6172839506173,38.2716049382716,58.6776859504132,-168.292682926829,-168.292682926829,-192.682926829268,-95.1219512195122,0,0,0
19,D TurbO,0.12,0.03,0.01,0.16,115,5,3,1,6.3,7.245,5.796,0.12,0.03,0.01,0.16,115,5,3,1,6.3,7.245,5.796,0.12,0.07,0.01,0.2,115,4,3,1,5.6,6.44,5.152,0.12,0.07,0.01,0.2,110,5,3,1,6.3,6.93,6.93,17.8115,18.4877,12.5986,48.8978,2.25,2.25,28.5833333333333,28.5833333333333,50.6172839506173,50.6172839506173,1.23456790123457,1.23456790123457,-168.292682926829,-168.292682926829,-265.853658536585,-265.853658536585,0,0,0,0.12,0.03,0.01,0.16,120,4,3,1,5.6,6.72,4.3008,0.12,0.03,0.01,0.16,115,5,3,1,6.3,7.245,5.796,0.12,0.07,0.01,0.2,115,5,3,1,6.3,7.245,7.245,0.12,0.07,0.01,0.2,115,5,3,1,6.3,7.245,7.245,17.934,18.22506,14.2842,50.44326,2.25,2.25,28.5833333333333,28.5833333333333,50.6172839506173,50.6172839506173,1.23456790123457,1.23456790123457,-168.292682926829,-168.292682926829,-265.853658536585,-265.853658536585,0,0,0,0.13,0.04,0.01,0.18,115,4,4,1,6.3,7.245,5.2164,0.11,0.03,0.01,0.15,115,5,3,1,6.3,7.245,5.43375,0.12,0.07,0.01,0.2,115,5,3,1,6.3,7.245,7.245,0.12,0.07,0.01,0.2,111,5,3,1,6.3,6.993,6.993,18.3015,18.68958,13.847225,50.838305,8.92307692307692,-0.272727272727273,28.5833333333333,28.5833333333333,29.5774647887324,56.0439560439561,1.23456790123457,1.23456790123457,-217.073170731707,-143.90243902439,-265.853658536585,-265.853658536585,0,0,0,0.13,0.04,0.01,0.18,115,4,4,1,6.3,7.245,5.2164,0.11,0.03,0.01,0.15,115,5,3,1,6.3,7.245,5.43375,0.12,0.07,0.01,0.2,115,5,3,1,6.3,7.245,7.245,0.12,0.07,0.01,0.2,100,5,3,1,6.3,6.3,6.3,18.3015,18.20448,13.362125,49.868105,8.92307692307692,-0.272727272727273,28.5833333333333,28.5833333333333,29.5774647887324,56.0439560439561,1.23456790123457,1.23456790123457,-217.073170731707,-143.90243902439,-265.853658536585,-265.853658536585,0,0,0
20,A CW,0.12,0.03,0.01,0.16,115,5,3,1,6.3,7.245,5.796,0.12,0.03,0.01,0.16,115,4,3,1,5.6,6.44,4.1216,0.12,0.03,0.01,0.16,115,4,2,1,4.9,5.635,3.6064,0.15,0.03,0.01,0.19,119,4,2,1,4.9,5.831,4.43156,15.8515,16.5914,8.595692,41.038592,2.25,2.25,2.25,7.8,50.6172839506173,50.6172839506173,50.6172839506173,21.5686274509804,-168.292682926829,-168.292682926829,-168.292682926829,-241.463414634146,0,0,0,0.12,0.03,0.01,0.16,121,5,2,1,5.6,6.776,5.4208,0.12,0.03,0.01,0.16,115,4,3,1,5.6,6.44,4.1216,0.12,0.03,0.01,0.16,113,4,3,1,5.6,6.328,4.04992,0.15,0.03,0.01,0.19,115,4,2,1,4.9,5.635,4.2826,16.0132,16.67666,8.801884,41.491744,2.25,2.25,2.25,7.8,50.6172839506173,50.6172839506173,50.6172839506173,21.5686274509804,-168.292682926829,-168.292682926829,-168.292682926829,-241.463414634146,0,0,0,0.12,0.03,0.02,0.17,115,5,3,1,6.3,7.245,6.15825,0.12,0.03,0.01,0.16,115,4,3,1,5.6,6.44,4.1216,0.12,0.03,0.01,0.16,113,4,3,1,5.6,6.328,4.04992,0.15,0.03,0.01,0.19,115,4,2,1,4.9,5.635,4.2826,16.3415,17.192875,8.801884,42.336259,4.75,2.25,2.25,7.8,38.2716049382716,50.6172839506173,50.6172839506173,21.5686274509804,-254.838709677419,-168.292682926829,-168.292682926829,-241.463414634146,0,0,0,0.12,0.03,0.02,0.17,115,5,3,1,6.3,7.245,6.15825,0.12,0.03,0.01,0.16,110,4,3,1,5.6,6.16,3.9424,0.12,0.03,0.01,0.16,113,4,3,1,5.6,6.328,4.04992,0.15,0.03,0.01,0.19,115,5,2,1,5.6,6.44,6.118,16.8315,17.560375,9.961224,44.353099,4.75,2.25,2.25,7.8,38.2716049382716,50.6172839506173,50.6172839506173,21.5686274509804,-254.838709677419,-168.292682926829,-168.292682926829,-241.463414634146,0,0,0
21,B CW,0.12,0.09,0.02,0.23,115,5,3,1,6.3,7.245,8.33175,0.12,0.09,0.02,0.23,115,4,2,2,5.6,6.44,5.9248,0.11,0.09,0.02,0.22,118,5,3,1,6.3,7.434,8.1774,0.13,0.09,0.02,0.24,115,4,3,2,6.3,7.245,6.9552,17.8115,20.615525,14.82418,53.251205,59.25,59.25,56.4545454545455,61.6153846153846,-35.8024691358024,-35.8024691358024,-20.8791208791209,-54.9295774647887,-448.387096774193,-448.387096774193,-416.129032258065,-480.645161290323,61.6153846153846,0,0,0.12,0.09,0.02,0.23,115,3,3,1,4.9,5.635,3.88815,0.12,0.09,0.02,0.23,115,4,2,2,5.6,6.44,5.9248,0.11,0.08,0.02,0.21,115,4,2,2,5.6,6.44,5.4096,0.13,0.09,0.02,0.24,115,4,4,2,7,8.05,7.728,16.6845,17.372705,13.42768,47.484885,59.25,59.25,42.9090909090909,61.6153846153846,-35.8024691358024,-35.8024691358024,-9.8901098901099,-54.9295774647887,-448.387096774193,-448.387096774193,-383.870967741935,-480.645161290323,61.6153846153846,0,0,0.12,0.09,0.02,0.23,115,4,2,2,5.6,6.44,5.9248,0.12,0.09,0.02,0.23,115,4,2,2,5.6,6.44,5.9248,0.11,0.08,0.02,0.21,115,4,2,2,5.6,6.44,5.4096,0.13,0.09,0.02,0.24,115,4,4,2,7,8.05,7.728,17.248,18.79836,13.42768,49.47404,59.25,59.25,42.9090909090909,61.6153846153846,-35.8024691358024,-35.8024691358024,-9.8901098901099,-54.9295774647887,-448.387096774193,-448.387096774193,-383.870967741935,-480.645161290323,61.6153846153846,0,0,0.12,0.09,0.02,0.23,111,4,2,2,5.6,6.216,5.71872,0.12,0.09,0.02,0.23,115,4,2,2,5.6,6.44,5.9248,0.11,0.08,0.02,0.21,115,4,2,2,5.6,6.44,5.4096,0.13,0.09,0.02,0.24,115,4,4,2,7,8.05,7.728,17.0912,18.654104,13.42768,49.172984,59.25,59.25,42.9090909090909,61.6153846153846,-35.8024691358024,-35.8024691358024,-9.8901098901099,-54.9295774647887,-448.387096774193,-448.387096774193,-383.870967741935,-480.645161290323,61.6153846153846,0,0
22,C CW,0.12,0.03,0.01,0.16,115,4,3,1,5.6,6.44,4.1216,0.12,0.03,0.01,0.16,115,5,3,1,6.3,7.245,5.796,0.12,0.05,0.02,0.19,120,4,2,1,4.9,5.88,4.4688,0.12,0.05,0.02,0.19,120,5,3,1,6.3,7.56,7.182,16.758,17.36462,12.29676,46.41938,2.25,2.25,16.25,16.25,50.6172839506173,50.6172839506173,13.5802469135803,13.5802469135803,-168.292682926829,-168.292682926829,-319.354838709677,-319.354838709677,0,0,0,0.12,0.03,0.01,0.16,115,4,3,1,5.6,6.44,4.1216,0.12,0.03,0.01,0.16,115,5,3,1,6.3,7.245,5.796,0.12,0.05,0.02,0.19,115,5,3,1,6.3,7.245,6.88275,0.12,0.05,0.02,0.19,115,5,3,1,6.3,7.245,6.88275,17.738,18.09962,13.77705,49.61467,2.25,2.25,16.25,16.25,50.6172839506173,50.6172839506173,13.5802469135803,13.5802469135803,-168.292682926829,-168.292682926829,-319.354838709677,-319.354838709677,0,0,0,0.12,0.03,0.01,0.16,115,5,3,1,6.3,7.245,5.796,0.12,0.03,0.01,0.16,115,5,3,1,6.3,7.245,5.796,0.12,0.05,0.02,0.19,115,5,3,1,6.3,7.245,6.88275,0.12,0.05,0.02,0.19,110,5,3,1,6.3,6.93,6.5835,18.3015,19.0512,13.567575,50.920275,2.25,2.25,16.25,16.25,50.6172839506173,50.6172839506173,13.5802469135803,13.5802469135803,-168.292682926829,-168.292682926829,-319.354838709677,-319.354838709677,0,0,0,0.12,0.03,0.01,0.16,115,5,3,1,6.3,7.245,5.796,0.12,0.03,0.01,0.16,115,5,3,1,6.3,7.245,5.796,0.12,0.05,0.02,0.19,115,5,3,1,6.3,7.245,6.88275,0.12,0.05,0.02,0.19,110,5,3,1,6.3,6.93,6.5835,18.3015,19.0512,13.567575,50.920275,2.25,2.25,16.25,16.25,50.6172839506173,50.6172839506173,13.5802469135803,13.5802469135803,-168.292682926829,-168.292682926829,-319.354838709677,-319.354838709677,0,0,0
23,D CW,0.12,0.03,0.01,0.16,98,5,3,1,6.3,6.174,4.9392,0.12,0.03,0.01,0.16,98,4,3,1,5.6,5.488,3.51232,0.12,0.03,0.01,0.16,119,5,3,1,6.3,7.497,5.9976,0.12,0.03,0.03,0.18,117,5,3,1,6.3,7.371,6.6339,17.0618,17.70664,11.384674,46.153114,2.25,2.25,2.25,7.25,50.6172839506173,50.6172839506173,50.6172839506173,25.9259259259259,-168.292682926829,-168.292682926829,-168.292682926829,-423.809523809524,0,0,0,0.12,0.04,0.02,0.18,98,4,3,1,5.6,5.488,3.95136,0.12,0.03,0.01,0.16,98,5,3,1,6.3,6.174,4.9392,0.12,0.03,0.01,0.16,100,5,3,1,6.3,6.3,5.04,0.12,0.03,0.03,0.18,98,5,3,1,6.3,6.174,5.5566,17.0716,15.819552,10.95906,43.850212,9.66666666666667,2.25,2.25,7.25,25.9259259259259,50.6172839506173,50.6172839506173,25.9259259259259,-287.096774193548,-168.292682926829,-168.292682926829,-423.809523809524,0,0,0,0.12,0.04,0.02,0.18,98,5,3,2,7,6.86,6.174,0.12,0.03,0.02,0.17,98,5,3,1,6.3,6.174,5.2479,0.12,0.03,0.01,0.16,100,5,3,1,6.3,6.3,5.04,0.12,0.03,0.13,0.28,98,5,3,1,6.3,6.174,8.6436,18.032,17.3754,13.33605,48.74345,9.66666666666667,4.75,2.25,32.25,25.9259259259259,38.2716049382716,50.6172839506173,-97.5308641975309,-287.096774193548,-254.838709677419,-168.292682926829,239.240506329114,0,0,239.240506329114,0.12,0.04,0.02,0.18,98,5,3,2,7,6.86,6.174,0.12,0.03,0.02,0.17,98,5,3,1,6.3,6.174,5.2479,0.12,0.03,0.01,0.16,100,5,3,1,6.3,6.3,5.04,0.12,0.03,0.13,0.28,99,5,3,1,6.3,6.237,8.7318,18.032,17.4195,13.39779,48.84929,9.66666666666667,4.75,2.25,32.25,25.9259259259259,38.2716049382716,50.6172839506173,-97.5308641975309,-287.096774193548,-254.838709677419,-168.292682926829,239.240506329114,0,0,239.240506329114
24,A ClgT,0.09,0.09,0.01,0.19,92,5,3,1,6.3,5.796,5.5062,0.09,0.09,0.01,0.19,99,4,2,1,4.9,4.851,3.68676,0.09,0.09,0.01,0.19,125,4,3,1,5.6,7,5.32,0.1,0.09,0.03,0.22,118,4,3,1,5.6,6.608,5.81504,15.3272,16.77564,10.43826,42.5411,39,39,39,62.1,9.90990990990992,9.90990990990992,9.90990990990992,-18.8118811881188,-241.463414634146,-241.463414634146,-241.463414634146,-614.285714285714,62.1,0,0,0.09,0.08,0.01,0.18,92,5,3,1,6.3,5.796,5.2164,0.09,0.09,0.01,0.19,99,4,3,1,5.6,5.544,4.21344,0.09,0.09,0.01,0.19,99,4,3,1,5.6,5.544,4.21344,0.1,0.09,0.03,0.22,99,4,3,1,5.6,5.544,4.87872,15.8172,15.29388,9.37692,40.488,25.7777777777778,39,39,62.1,18.9189189189189,9.90990990990992,9.90990990990992,-18.8118811881188,-217.073170731707,-241.463414634146,-241.463414634146,-614.285714285714,62.1,0,0,0.09,0.08,0.01,0.18,98,3,2,1,4.2,4.116,2.22264,0.09,0.09,0.01,0.19,99,4,3,1,5.6,5.544,4.21344,0.09,0.09,0.01,0.19,99,4,3,1,5.6,5.544,4.21344,0.1,0.09,0.03,0.22,99,4,3,1,5.6,5.544,4.87872,14.6412,13.198248,9.37692,37.216368,25.7777777777778,39,39,62.1,18.9189189189189,9.90990990990992,9.90990990990992,-18.8118811881188,-217.073170731707,-241.463414634146,-241.463414634146,-614.285714285714,62.1,0,0,0.09,0.08,0.01,0.18,98,3,2,1,4.2,4.116,2.22264,0.09,0.09,0.01,0.19,99,4,3,1,5.6,5.544,4.21344,0.09,0.09,0.01,0.19,99,4,3,1,5.6,5.544,4.21344,0.1,0.09,0.03,0.22,99,4,3,1,5.6,5.544,4.87872,14.6412,13.198248,9.37692,37.216368,25.7777777777778,39,39,62.1,18.9189189189189,9.90990990990992,9.90990990990992,-18.8118811881188,-217.073170731707,-241.463414634146,-241.463414634146,-614.285714285714,62.1,0,0
25,B ClgT,0.12,0.03,0.03,0.18,98,5,3,1,6.3,6.174,5.5566,0.12,0.03,0.03,0.18,98,5,3,1,6.3,6.174,5.5566,0.12,0.03,0.03,0.18,125,5,3,1,6.3,7.875,7.0875,0.12,0.03,0.01,0.16,120,5,2,1,5.6,6.72,5.376,17.0618,18.42792,12.69807,48.18779,7.25,7.25,7.25,2.25,25.9259259259259,25.9259259259259,25.9259259259259,50.6172839506173,-423.809523809524,-423.809523809524,-423.809523809524,-168.292682926829,0,0,0,0.12,0.03,0.03,0.18,98,5,4,2,7.7,7.546,6.7914,0.12,0.03,0.03,0.18,98,5,3,1,6.3,6.174,5.5566,0.12,0.03,0.03,0.18,100,5,3,1,6.3,6.3,5.67,0.12,0.03,0.01,0.16,95,5,2,1,5.6,5.32,4.256,18.0222,17.20978,10.92182,46.1538,7.25,7.25,7.25,2.25,25.9259259259259,25.9259259259259,25.9259259259259,50.6172839506173,-423.809523809524,-423.809523809524,-423.809523809524,-168.292682926829,0,0,0,0.12,0.03,0.03,0.18,98,5,3,2,7,6.86,6.174,0.12,0.03,0.03,0.18,98,5,3,1,6.3,6.174,5.5566,0.12,0.03,0.03,0.18,100,5,3,1,6.3,6.3,5.67,0.12,0.03,0.01,0.16,100,5,2,1,5.6,5.6,4.48,17.542,16.9736,11.07862,45.59422,7.25,7.25,7.25,2.25,25.9259259259259,25.9259259259259,25.9259259259259,50.6172839506173,-423.809523809524,-423.809523809524,-423.809523809524,-168.292682926829,0,0,0,0.12,0.03,0.03,0.18,111,5,3,2,7,7.77,6.993,0.12,0.03,0.03,0.18,100,5,3,1,6.3,6.3,5.67,0.12,0.03,0.03,0.18,100,5,3,1,6.3,6.3,5.67,0.12,0.03,0.01,0.16,100,5,2,1,5.6,5.6,4.48,18.179,17.6351,11.158,46.9721,7.25,7.25,7.25,2.25,25.9259259259259,25.9259259259259,25.9259259259259,50.6172839506173,-423.809523809524,-423.809523809524,-423.809523809524,-168.292682926829,0,0,0
26,C ClgT,0.13,0.03,0.01,0.17,115,5,3,1,6.3,7.245,6.15825,0.12,0.09,0.02,0.23,99,4,2,1,4.9,4.851,4.46292,0.15,0.03,0.01,0.19,120,4,3,2,6.3,7.56,5.7456,0.13,0.03,0.03,0.19,119,5,3,1,6.3,7.497,7.12215,17.3215,18.246375,12.215469,47.783344,4.38461538461539,59.25,7.8,9,43.6619718309859,-35.8024691358024,21.5686274509804,15.4929577464789,-192.682926829268,-448.387096774193,-241.463414634146,-471.428571428571,0,0,0,0.15,0.03,0.01,0.19,95,4,3,1,5.6,5.32,4.0432,0.15,0.03,0.01,0.19,99,5,2,1,5.6,5.544,5.2668,0.15,0.03,0.01,0.19,99,5,2,1,5.6,5.544,5.2668,0.15,0.03,0.02,0.2,99,5,3,1,6.3,6.237,6.237,15.974,14.95774,11.84442,42.77616,7.8,7.8,7.8,9.8,21.5686274509804,21.5686274509804,21.5686274509804,1.96078431372549,-241.463414634146,-241.463414634146,-241.463414634146,-351.612903225806,0,0,0,0.15,0.03,0.01,0.19,95,6,3,1,7,6.65,7.581,0.15,0.03,0.01,0.19,99,5,2,1,5.6,5.544,5.2668,0.15,0.03,0.01,0.19,99,5,2,1,5.6,5.544,5.2668,0.15,0.03,0.02,0.2,99,5,3,1,6.3,6.237,6.237,16.905,17.4342,11.84442,46.18362,7.8,7.8,7.8,9.8,21.5686274509804,21.5686274509804,21.5686274509804,1.96078431372549,-241.463414634146,-241.463414634146,-241.463414634146,-351.612903225806,0,0,0,0.15,0.03,0.01,0.19,95,6,3,1,7,6.65,7.581,0.15,0.03,0.01,0.19,99,5,2,1,5.6,5.544,5.2668,0.15,0.03,0.01,0.19,99,5,2,1,5.6,5.544,5.2668,0.15,0.03,0.02,0.2,99,5,3,1,6.3,6.237,6.237,16.905,17.4342,11.84442,46.18362,7.8,7.8,7.8,9.8,21.5686274509804,21.5686274509804,21.5686274509804,1.96078431372549,-241.463414634146,-241.463414634146,-241.463414634146,-351.612903225806,0,0,0
27,D ClgT,0.13,0.09,0.03,0.25,115,5,3,1,6.3,7.245,9.05625,0.12,0.03,0.01,0.16,92,5,3,1,6.3,5.796,4.6368,0.13,0.09,0.02,0.24,92,5,2,1,5.6,5.152,6.1824,0.13,0.08,0.03,0.24,123,5,2,1,5.6,6.888,8.2656,17.3215,18.824575,13.44336,49.589435,68.5384615384615,2.25,61.6153846153846,54.7692307692308,-69.0140845070422,50.6172839506173,-54.9295774647887,-54.9295774647887,-757.142857142857,-168.292682926829,-480.645161290323,-709.523809523809,130.153846153846,0,0,0.12,0.07,0.04,0.23,94,5,3,1,6.3,5.922,6.8103,0.13,0.06,0.03,0.22,92,5,3,1,6.3,5.796,6.3756,0.14,0.03,0.01,0.18,95,5,3,1,6.3,5.985,5.3865,0.13,0.05,0.03,0.21,95,5,2,1,5.6,5.32,5.586,16.8854,16.73791,12.23467,45.85798,46.0833333333333,31.8461538461538,6.21428571428572,22.6923076923077,-35.8024691358025,-26.7605633802817,34.4262295081967,-12.6760563380282,-1263.63636363636,-614.285714285714,-217.073170731707,-566.666666666667,0,0,0,0.12,0.07,0.04,0.23,97,5,3,1,6.3,6.111,7.02765,0.13,0.09,0.03,0.25,95,5,3,1,6.3,5.985,7.48125,0.13,0.09,0.02,0.24,100,5,3,1,6.3,6.3,7.56,0.13,0.08,0.03,0.24,95,5,2,1,5.6,5.32,6.384,17.0177,17.242855,15.088675,49.34923,46.0833333333333,68.5384615384615,61.6153846153846,54.7692307692308,-35.8024691358025,-69.0140845070422,-54.9295774647887,-54.9295774647887,-1263.63636363636,-757.142857142857,-480.645161290323,-709.523809523809,130.153846153846,0,0,0.12,0.07,0.04,0.23,98,5,3,1,6.3,6.174,7.1001,0.13,0.09,0.03,0.25,95,5,3,1,6.3,5.985,7.48125,0.13,0.09,0.02,0.24,100,5,3,1,6.3,6.3,7.56,0.13,0.08,0.03,0.24,95,5,2,1,5.6,5.32,6.384,17.0618,17.29357,15.088675,49.444045,46.0833333333333,68.5384615384615,61.6153846153846,54.7692307692308,-35.8024691358025,-69.0140845070422,-54.9295774647887,-54.9295774647887,-1263.63636363636,-757.142857142857,-480.645161290323,-709.523809523809,130.153846153846,0,0
28,E ClgT,0.14,0.03,0.01,0.18,115,4,3,2,6.3,7.245,5.2164,0.12,0.03,0.01,0.16,110,4,3,1,5.6,6.16,3.9424,0.15,0.03,0.01,0.19,110,4,3,2,6.3,6.93,5.2668,0.15,0.03,0.01,0.19,125,4,2,2,5.6,7,5.32,17.3215,17.71448,10.25444,45.29042,6.21428571428572,2.25,7.8,7.8,34.4262295081967,50.6172839506173,21.5686274509804,21.5686274509804,-217.073170731707,-168.292682926829,-241.463414634146,-241.463414634146,0,0,0,0.15,0.03,0.01,0.19,110,4,3,2,6.3,6.93,5.2668,0.15,0.03,0.01,0.19,110,4,2,1,4.9,5.39,4.0964,0.15,0.03,0.01,0.19,110,4,3,2,6.3,6.93,5.2668,0.15,0.03,0.01,0.19,110,4,2,2,5.6,6.16,4.6816,16.611,16.62276,9.93636,43.17012,7.8,7.8,7.8,7.8,21.5686274509804,21.5686274509804,21.5686274509804,21.5686274509804,-241.463414634146,-241.463414634146,-241.463414634146,-241.463414634146,0,0,0,0.15,0.03,0.01,0.19,110,4,3,2,6.3,6.93,5.2668,0.15,0.03,0.01,0.19,110,4,3,2,6.3,6.93,5.2668,0.15,0.03,0.01,0.19,110,4,3,2,6.3,6.93,5.2668,0.15,0.03,0.01,0.19,110,4,2,2,5.6,6.16,4.6816,17.591,17.70076,10.75564,46.0474,7.8,7.8,7.8,7.8,21.5686274509804,21.5686274509804,21.5686274509804,21.5686274509804,-241.463414634146,-241.463414634146,-241.463414634146,-241.463414634146,0,0,0,0.15,0.03,0.01,0.19,110,4,3,2,6.3,6.93,5.2668,0.15,0.03,0.01,0.19,99,4,3,2,6.3,6.237,4.74012,0.15,0.03,0.01,0.19,110,4,3,2,6.3,6.93,5.2668,0.15,0.03,0.01,0.19,110,4,2,2,5.6,6.16,4.6816,17.591,17.21566,10.386964,45.193624,7.8,7.8,7.8,7.8,21.5686274509804,21.5686274509804,21.5686274509804,21.5686274509804,-241.463414634146,-241.463414634146,-241.463414634146,-241.463414634146,0,0,0
29,F ClgT,0.12,0.03,0.01,0.16,110,5,2,1,5.6,6.16,4.928,0.09,0.09,0.01,0.19,110,5,3,1,6.3,6.93,6.5835,0.12,0.03,0.05,0.2,115,4,2,1,4.9,5.635,4.508,0.13,0.03,0.03,0.19,120,4,3,1,5.6,6.72,5.1072,16.072,16.9491,11.40209,44.42319,2.25,39,12.25,9,50.6172839506173,9.90990990990992,1.23456790123457,15.4929577464789,-168.292682926829,-241.463414634146,-10900,-471.428571428571,0,0,0,0.12,0.03,0.03,0.18,109,5,2,1,5.6,6.104,5.4936,0.12,0.03,0.05,0.2,110,5,3,1,6.3,6.93,6.93,0.13,0.03,0.01,0.17,111,4,2,1,4.9,5.439,3.69852,0.19,0.04,0.03,0.26,116,5,3,1,6.3,7.308,9.5004,16.5228,17.61942,14.174244,48.316464,7.25,12.25,4.38461538461539,22.9473684210526,25.9259259259259,1.23456790123457,43.6619718309859,-536.363636363636,-423.809523809524,-10900,-192.682926829268,-804.761904761905,0,0,0,0.13,0.03,0.03,0.19,109,5,2,1,5.6,6.104,5.7988,0.12,0.03,0.05,0.2,110,4,2,1,4.9,5.39,4.312,0.19,0.04,0.03,0.26,115,5,2,1,5.6,6.44,8.372,0.19,0.03,0.02,0.24,113,5,3,1,6.3,7.119,8.5428,16.0328,17.32346,14.94276,48.29902,9,12.25,22.9473684210526,14.0526315789474,15.4929577464789,1.23456790123457,-536.363636363636,-354.545454545454,-471.428571428571,-10900,-804.761904761905,-480.645161290323,0,0,0,0.12,0.04,0.01,0.17,109,5,3,1,6.3,6.867,5.83695,0.12,0.03,0.05,0.2,110,4,2,1,4.9,5.39,4.312,0.19,0.04,0.03,0.26,115,5,2,1,5.6,6.44,8.372,0.18,0.03,0.02,0.23,112,5,4,1,7,7.84,9.016,17.0569,17.854865,15.274,50.185765,6.33333333333333,12.25,22.9473684210526,13.1666666666667,38.2716049382716,1.23456790123457,-536.363636363636,-138.095238095238,-192.682926829268,-10900,-804.761904761905,-448.387096774193,0,0,0
30,G ClgT,0.13,0.06,0.01,0.2,98,3,3,1,4.9,4.802,2.8812,0.12,0.03,0.03,0.18,100,5,4,2,7.7,7.7,6.93,0.16,0.09,0.01,0.26,100,3,3,1,4.9,4.9,3.822,0.16,0.09,0.01,0.26,100,3,3,1,4.9,4.9,3.822,15.6114,14.26684,10.2858,40.16404,22.6153846153846,7.25,61.3125,61.3125,1.40845070422535,25.9259259259259,-143.90243902439,-143.90243902439,-265.853658536585,-423.809523809524,-412.19512195122,-412.19512195122,122.625,0,0,0.12,0.05,0.03,0.2,99,3,3,1,4.9,4.851,2.9106,0.12,0.03,0.01,0.16,100,4,3,1,5.6,5.6,3.584,0.16,0.09,0.01,0.26,100,3,3,1,4.9,4.9,3.822,0.16,0.05,0.01,0.22,100,3,3,1,4.9,4.9,3.234,14.1757,12.81742,7.532,34.52512,20.4166666666667,2.25,61.3125,21.5625,1.23456790123457,50.6172839506173,-143.90243902439,-46.3414634146341,-519.047619047619,-168.292682926829,-412.19512195122,-314.634146341463,61.3125,0,0,0.15,0.08,0.02,0.25,105,3,3,1,4.9,5.145,3.85875,0.16,0.09,0.01,0.26,100,3,3,1,4.9,4.9,3.822,0.14,0.06,0.01,0.21,100,3,2,1,4.2,4.2,2.646,0.16,0.09,0.01,0.26,101,3,3,1,4.9,4.949,3.86022,13.4015,12.535425,7.341754,33.278679,52.8,61.3125,25.2857142857143,61.3125,-96.078431372549,-143.90243902439,-14.7540983606558,-143.90243902439,-512.903225806452,-412.19512195122,-290.243902439024,-412.19512195122,122.625,0,0,0.14,0.06,0.02,0.22,105,3,3,1,4.9,5.145,3.3957,0.15,0.07,0.02,0.24,99,3,3,1,4.9,4.851,3.49272,0.14,0.06,0.01,0.21,100,3,2,1,4.2,4.2,2.646,0.16,0.09,0.01,0.26,101,3,3,1,4.9,4.949,3.86022,13.4015,12.17699,7.104258,32.682748,29.5714285714286,41.5333333333333,25.2857142857143,61.3125,-31.1475409836066,-76.470588235294,-14.7540983606558,-143.90243902439,-416.129032258065,-480.645161290323,-290.243902439024,-412.19512195122,61.3125,0,0
